label,entry
other_riot,谕、本日据伊龄阿奏、窦光鼐在平阳城隍庙。多备刑具。传集该县书吏。追究原任知县黄梅款迹。生监平民人等。一概命坐。千百成群。纷纷嘈杂。及由平阳回省。携带多人。坐船由溪河昼夜行走。以致水手落河淹毙。抵省时。称黄梅款迹。不是丁忧演戏。乃另有呈控之案。哓哓执辩。并有不欲做官、不要性命之言、等语。此事之始。朕因窦光鼐为该省学政。适该省有亏空之案。因令就所见闻陈奏。此朕明目达聪。兼听并观之意耳。即使所言不实。亦祇系风闻入奏。断不以此遽加之罪也。今伊所称黄梅丁忧演戏等款。皆节外生枝。况业经阿桂等、审系窦光鼐误听虚诬。朕亦并未加之谴责。窦光鼐当知感激朕恩。安静供职。仍现届宾兴大典多士在省城守候录科。伊竟亲赴平阳。咆哮生事而置目前录科之事于不办。是以将伊革职。此窦光鼐自贻伊戚。其罪并不在乎言事不实也。兹复据伊龄阿奏、窦光鼐回省时。携带丁忧典史。及生监等多人。以为质证。且言不欲做官。不要性命等语。看来窦光鼐竟系病疯。是以举动颠狂若此。伊于黄梅丁忧演戏一节。始则误听人言。欲以忤逆不孝之事。污人名节。今赴平阳访查此事属虚。复言黄梅任内。另有别项款迹。以实其说。如此乖张瞀乱。不但有乖大臣之体。且恐煽惑人心。致启生监平民人等。讦告官长。效尤滋事之风。不可不严行惩儆。仅予革职。不足蔽辜。窦光鼐著拏交刑部治罪。
other_riot,辛丑。谕军机大臣等、电寄唐景崧、叠次电奏均悉。本日据电称乱民抢劫、砍毙中军方元良、枪毙平民十余人等语。
other_riot,又谕、有人奏、浙西客民恃众滋事请豫筹安辑以弭衅端一摺。据称浙西乱定之后。田多荒芜。大吏设法招垦。各县设有客民保甲委员。每乡造有户册。定章非不周密。积久视为具文。任意流徙。莫可稽查。二十年来。党类愈众。鱼肉土著。习为故常。又有捕鱼放鸭等船。与客民同为一类。种种不法。层见叠出。客民所垦之田。从未清丈升科。编入额徵。与土民同完赋税。且客民按亩抽派。集有公费。委员利其财贿。土客争讼之案。每至经岁不结。土民控诉无门。亦将铤而走险等语。浙西客民。著籍已久。该地方官果能绥集得宜。何至土客寻仇。积成隐患。著廖寿丰妥定安集客民章程。责成各州县实力筹办。遇有土客之案。务须办理持平。不准稍涉偏袒。另片奏、归安县徵收钱漕。差役勒索陋规各节。并著廖寿丰确切查明。如有前项弊端。即行一律禁革。以苏民困原摺片均著钞给阅看。将此谕令知之。现月
other_riot,顺天学政右通政钱陈群题、明季唐县生员陈瑞妻贾氏。于顺治元年三月内。遭闯贼所获。逼污不从。为贼众乱刃剌死。应请旌表。下部议行。
other_riot,丙子谕内阁丁振铎奏、特倢■＜⿱曰融＞■＜⿱石木＞庸劣不职各员一摺云南补用道卢国熙、招摇撞骗有玷官箴。署蒙自县恩安县知县孙家祥、轻率发难。贻害地方卸署新平县补用知县朱寿祺纵丁索贿。押毙无辜署可渡巡检骆怀祖、狡猾嗜利。鱼肉地方威远知事施以恩、纵子妄为。致招物议署曲江巡检补用州吏目戴寿铭、反覆离奇故纵匪犯。均著即行革职。普洱府知府韦勋承、文义欠通难资表率著开缺以同知归部用。署通海县文山县知县蓝荣畴遇案科罚虽未入己。究属违例著开缺留省察看。又奏武职各员营私玩法据实纠倢■＜⿱曰融＞■＜⿱石木＞等语。贵州古州镇总兵李昌麟、纵容子弟。屡滋事端云南昭通镇总兵何雄辉、便利是图。罔知职守著一并开缺。记名提督署临元镇总兵张梁、于所属游击陆鸣皋通匪酿乱漫无觉察著以参将降补。补用副将梁士伟、挟贼为重反覆离奇刘萃纵子为恶扰害乡闾。游击钱之福横恣颟顸不明事理补用都司李云生弁勇被控匿不交案署元新营守备刘纲营伍废弛贵州遵义协守备马锡蕃贪劣著闻安义镇右营守备徐文炳、缉捕不力擅放要匪均著一并革职以示惩儆。现月
other_riot,又谕、前据兆惠富德奏称、俄罗斯头目玛玉尔告称、有步行二人、至伊七伦图拉。自言我系阿睦尔撒纳。速渡我过河。及差人迎渡。并未回来。顺流寻找。止外渡口小船。泊于河湾。并无阿睦尔撒纳、及迎渡之俄罗斯。必俱溺死水中等语。朕彼时即不以为然。当经降旨兆惠、谓溺死之语不可信。阿睦尔撒纳、奸诡狡诈。非俄罗斯为所蛊惑。背约私留。即阿睦尔撒纳、设为溺死之说。冀图缓我追兵。以便潜窜他往。顺德讷等、轻信传言。沿河打捞。此其粗率糊涂。断乎不可。详悉传谕兆惠等矣。今据奏到、行至森博罗特卡座。所遇诸人。详细询问真迹。始据奏称。渡河溺死。事属子虚。果不出朕之所料。然则顺德讷等、率领官兵。在额尔齐斯河。寻觅十余日之久。如此举动。岂不为俄罗斯所笑乎。准噶尔地方既已平定。反覆背叛之诸厄鲁特。或经擒捕正法。或因患病身死。惟逆贼阿睦尔撒纳、实为悖逆之渠魁。既不迅为弋获。又未即伏冥诛。坐使其视息偷生。游魂远窜。将来必不能久甘穷困。势必滋生事端。为患边境。是逆贼一日不获。西路之事、一日不能告竣。揆之事理。实有不能中止之势也。但目今时届寒冬。士马亦宜休息。兆惠、富德、及顺德讷等、俱已有旨令其暂回军营。一面令理藩院、行文俄罗斯萨纳特衙门。令其将逆贼阿睦尔撒纳、即行送出。俄罗斯乃我朝与国。素称和好。从前议定、彼此不许容留逃人。即前年平定伊犁时。俄罗斯逋逃在彼者。俱经送还。若果逆贼在伊境内。遵谕缚献。以全信义。则渠魁就获。准噶尔一事。便可从此奏功。设因阿睦尔撒纳之摇尾乞怜。遂至受其愚弄。为之窝藏隐匿。又或别有他意。其应如何索取之处。另行相机筹办。候旨遵行。朕非穷兵黩武。特以事势所迫。不得不然。在军营诸臣、心存怯懦。未尝不欲借渡河溺死一语。遂图草草收局。而外省诸提镇、不识事机。方且飞章奏贺。朕既为之一笑。且深叹任事之无人也。可将此通行晓谕知之。
other_riot,丙戌。谕、据魁伦等奏、伊辙布平日仓库账目。颠到错谬。惟劣幕吴义添一人之言是听。现将该犯侦缉到案。讯据供称、贪恋朿修。朦混作弊。应将吴义添在省城枷号三个月。发往厄鲁特为奴。仍将该犯家产。抄没入官等语。此等劣幕。于钱谷既不谙习。辄因贪恋修金。办理公务。颠倒错乱作弊。以致本官身罹重罪。而幕布转得坐拥厚赀。置身事外。甚属可恶。今魁伦等将吴义添查出究办。不致漏网。办理甚是。因念其究由伊辙布贪黩不法。该犯祇系听从作弊。尚无关涉人命之事。业经魁伦等将该犯枷号。满日发往厄鲁特为奴。抄没家产。已足蔽辜示惩。若有人命等事。必将该犯正法。其罪尚不止于远戍。但此等幕友滋事。各省俱所不免。著各督抚通行传知各衙门幕友。嗣后务宜小心安分。如再有朦混作弊。甚至酿成人命者。必当立正典刑。不能如吴义添之幸邀末减也。又据魁伦等奏、查抄钱爱椿任所衣物一摺。内称、提讯家人书役等、佥供并无寄顿。似属可信等语。外省长随书役。往往倚恃本官声势。吓诈讹索。虽讯无隐匿情弊。其平日亦必非安分之徒。所有钱受椿案内长随范三吉、书役蒋开浚等。均著枷号三个月。满日分别革役递籍。以示惩儆。
other_riot,又谕、电寄瑞澂电奏悉。昨已有旨派杨文鼎暂署湖南巡抚。驰往该省。严拏乱徒。一切善后事宜。会同该署督妥速筹画。并将办理不善各官。查明倢■＜?曰融＞■＜?石木＞办。现在大局虽已少定。著仍遵前旨。严拏首要。解散胁从。所有办理不善之开缺巡抚岑春蓂。及该管地方文武各官。均著会同认真查办善后事宜。尤须妥慎筹画。以靖地方。至东西各国官商教士。务饬妥为保护。以免疏虞。电寄
other_riot,又谕、前据沈葆桢奏、道员周汝筠禀讦知县石昌猷袒匪杀良。请派大员审办。当经降旨交曾国藩提审。兹据曾国藩审明定拟具奏。此案江西前署南康县知县升任督粮道周汝筠、因在署县任内。奉文办理防剿事务。借捐助饷。任用许高鸿、杨韶九等、遂令倚势勒捐罚产。偪毙多命。并有诬人为匪各情。屡次经人控告。周汝筠皆为曲庇。致招物议。该员卸任后。经前任江西布政使李桓。属令后任南康县知县石昌猷。将周汝筠劣迹详查。而石昌猷刻意□□穴□又□求。诬列多款。以重其罪。于拏办许高鸿杨韶九时。并将许高鸿之父许观国获案。偪令呈送忤逆。将许高鸿正法枭示。任听勇丁残毁尸骸。又不释放其父。复查拏其母。捕其家属。追取田产充公。直以叛逆治之。至张书火□学杨韶九寻仇互控。两相抢夺。与此案本不相涉。因许高鸿被杀后。杨韶九往愬周汝筠。该员遂并为一案。指张书火□学为匪。即以石昌猷袒匪杀良具禀。现经审明许高鸿平日倚势害命。藉局吞财。业经正法。著无庸议。石昌猷于此案并不悉心研鞫。按律惩办。仍偪令许高鸿之父呈送忤逆。加以极刑。又复株连籍没致有罪之诛转同枉杀。意存倾陷审办矫诬业经革职。著发往新疆充当若差。遇赦永远不准援免。周汝筠虽无擅杀人犯受赃侵饷情事。而偏信小人。勒捐滥罚。殃及无辜罪有应得。惟念该员前此办团剿贼。保障江西南路曾著功绩。著从宽拔去花翎。革去历保道员知府等官。以知县降补。革生杨韶九因与张书火□学积有嫌隙。屡行陷害抢扰并禀请查拏张书火□学父子。株累张姓多人。实属非常倾险。著发极边足四千里充军。到配折责安置。张书火□学于查拏杨韶九之际。意存报复。乘便抢夺杨姓多家。亦属有干法律。业已身死。著无庸议。沈葆桢办理此案。虽意在急于除恶。惟因石昌猷呈首忤逆一言。率令回县速办。致石昌猷得将许高鸿一犯专杀。非寻常疏忽可比。李桓因闻周汝筠苛政病民。密令石昌猷详查禀复。固是正办。惟于石昌猷覆禀周汝筠得受典商赃银等款。概置不问。辙将不应立决之忤逆一款。草率定案。并函令石昌猷于请将许高鸿正法之禀删去奉某劄谕等字句。不必具禀总督等语。措置未能正大。实属不合。沈葆桢、李桓著交部分别议处。寻议、沈葆桢降二级留任。准其抵销。李桓降三级调用。不准抵销。从之。
other_riot,辛丑。幽系和硕肃亲王豪格先是、豪格出征四川已及二载。地方全未平定。地方官亦未有以投诚平定入奏者又击败流贼张献忠遣学士苏纳海启奏时有护军统领哈宁噶于众人会集处言曰若非护军统领阿尔津苏拜相助则我等皆失利矣希尔艮在后夺前进之阿尔津苏拜功王将其冒功事竟未议结次日阿尔津苏拜跪求议王亦未议尚书谭拜请议王又未议且将谭拜请议事云无之又欲将罪人杨善弟机赛补护军统领启奏于是诸王贝勒贝子大臣会议以肃亲王将希尔艮冒功事隐蔽。旧念未除。因杨善为伊而死欲升其弟乱念不忘奉有以罪人杨善弟机赛。为护军统领不合之上□日宥王之罪、至于三次戒饬。犹不引咎。诸王贝勒人人愤怒。如此怙恶不悛讐抗不已不可复留豪格应拟死得上□日、如此处分诚为不忍。不准行诸王内大臣复屡奏言太祖长子亦曾似此悖乱置于国法乃从众议免肃亲王死幽系之。夺其所属人员幽系后肃亲王谓阿济格尼堪苏拜云将我释放则已如不释放毋谓我系恋诸子也。我将诸子必以石掷杀之。
other_riot,礼部遵旨议、安庆巡抚孙国玺奏、本科两江应试举子。不遵场规。嗣后入场、不按牌名。及接卷后不归本号者。该提调查明。即行扶出。鬨聚多人、紊乱场规者。为首斥革枷示。试卷正草不全。例应贴出。其有意涂改鬼名。题诗写禀者。斥革治罪。至教官职司训士。以后诸生临场。如仍不遵约束。该监临官、将该教官指参。降一级调用。如学政于士子科举时。滥行收录。将该学政罚俸一年。从之。
other_riot,谕内阁、乡会试为抡才大典。士子读书。当知自爱。其有因人数众多。儌幸乱号。以身试法者。虽设有号单底簿。互相核对。诚恐稽查未清。转不无遗漏舛错。其乱号士子。或托人代填。或捏写诡名。即欲杜绝弊端。无从查对。事属有名无实。自无容稍存迁就。兹据礼部将查号之法。遵旨核议具奏。于认真办理之中。立法仍归简易。嗣后著仍照定例办理。其士子进号。既经看栅官役。认明卷面字号相符。如号数已满。即将号栅销闭。封门后监临监试等。仍分段入号亲查。如监临查号不力。责成监试。监试查号不力。责成监临。互相指参。毋许稍有徇庇姑容。致滋弊混。其八旗号舍。即著弹压副都统亲身巡查。以专责成。士子如有乱号。即行扶出。设为时已晚。未便开门。即将试卷扣除。并将该士子交至公堂派员看守。俟放牌时扶出。其有挺身肆闹者。照例治罪。
other_riot,又谕、本年十月二十二日。万寿山无尽意轩内、失去红氊二条。镶玉如意三柄。穆腾额、和世泰、系管理三山大员。若一闻呈报失窃。即时亲往躧勘。跟寻踪迹。必能立时究出赃据。缉获正犯。乃伊等闻报后、漠不关心。迄未到彼一查。数日后于当铺内起得红氊。始与常福会奏派令桂芳、徵瑞、会同研鞫。将各园户及当夥传提多人。严刑拷讯。所录供词。毫无端绪。因续派景禄、卢荫溥、会同覆审。各犯已多受刑伤。供情反覆游移。总无赃据。兹分别具摺自请严议议处。此案穆腾额、和世泰、系专管之员。不能及早查缉。任意延玩。以致赃贼无踪。办理费手。伊二人之咎较重。穆腾额、著降为三品顶带。拔去花翎。和世泰、著降为四品顶带。各罚俸一年半。加恩俱仍留内务府大臣之任。其所管三山及各项差使。均照旧管理。常福署管三山。距失窃时仅止半月。伊闻信后曾亲往履勘一次。虽未能究出赃贼。其咎较穆腾额和世泰尚轻。常福著罚俸一年。桂芳、徵瑞、并非经管之事。惟派审不能详慎研究。著罚俸六个月。景禄、卢荫溥、派审在后。况已头绪纷乱。实属不易办理。尚非耽延。著各罚俸三个月。其万寿山无尽意轩失于看守之该管官员、及是日直宿之达他等、均著查明即行革职。所遗员缺。著内务府大臣遴员委署。俟开印后、带领引见。现讯各犯内赵黑子、吴幅太、张招儿三犯、交慎刑司严行看管备质。其余人等概予保释。仍著步军统领、顺天府、五城、并内务府、各派番役、一体严密访缉赃贼。俟查有端倪。即行审办。
other_riot,己丑。给事中陈田奏、云南河口之乱。致起交涉。委员高而谦节为法人要挟。自后宜选得力大员。慎重交涉。以杜隐患。下外务部知之。
other_riot,刑部等衙门议覆。礼部右侍郎塞楞额、奉差审讯广东驻防兵丁阎尚义等、打毁米厂。拥闹巡抚公堂一案。其为首之阎尚义、陈显聪、及扎伤守备之谭英奇等。均应拟斩立决。为从之梁亚德、汤亚四等。均应拟绞监候。原任广州将军李杕、平时不行约束兵丁。临时复向巡抚杨文乾、求情释放。纵容曲庇。明系扰乱地方。李杕、应拟斩监候。从之
other_riot,己丑。谕、前因浙省仓库亏空。不能依限弥补。特派大臣前往查办。并于窦光鼐奏到考试摺内。批令就所闻见。据实具奏。此朕兼听并观之公心也。嗣据窦光鼐节次奏到浙省仓库亏缺。浮于报明之数。且将仙居县知县徐延翰、收禁生员马寘。及平阳县知县黄梅、丁忧演戏等款。一同入奏。维时朕以其不避嫌怨。逐款敷陈。曾于摺内批谕。褒其公正。迨阿桂等、查明该省亏缺。较之从前原报之数。有减无增。而黄梅丁忧演戏等款。俱系窦光鼐误听人言。其实并无其事。朕以窦光鼐。原系风闻入奏。即使不实。尚不欲遽加以罪。而窦光鼐仍复执辩不休。哓哓渎奏。且现当宾兴大典。多士守候录遗。窦光鼐辄置而不办。亲赴平阳等处。自行访查。意在必伸其说。而置分内之事于废弛。是以将伊交部议处。嗣据都察院会同吏部具奏。以该学政袒庇劣生。擅离职守。议以革职。朕以窦光鼐亲赴平阳等处访查。或果黄梅等实有情弊。则窦光鼐前奏、尚不为无据。是以将原摺暂留。今据伊龄阿奏、窦光鼐于未到平阳之先。潜差人赴平阳一带。招集生童。呈控地方事件。及行抵彼处。于明伦堂招集生监。询以黄梅在任款迹。生监等答以不知。窦光鼐即发怒咆哮。用言恐吓。并勒写亲供。锁拏该县书役。用刑逼喝等语。生监把持唆讼。学政方将约束之不暇。而窦光鼐招告于未到之先。逼吓于既到之后。咆哮发怒。纷纷若狂。实属大孤厥职。若生监等。因此挟制官长。颠倒是非。实足以长恶习而助刁风。而窦光鼐执意妄行。竟欲以生监等笔据为验。是其举动乖张瞀乱。朕亦不能为之曲庇矣。窦光鼐科分较深。学问亦佳。从前未经升用者。即因其性情偏执。遇事辄挟私见。是以迟迟耳。近念其学问尚优。历俸最久。仍用至侍郎。留学政之任。理宜安分守职。承受朕恩。乃于浙省一案。执辩不休。无故陷人于忤逆名节有亏之事。今复招集生监。逼令指实。而置目前录科之事不办。徒令合省生监。守候多时。几误场期。如此、若再姑容。则何以为旷职生事者戒。窦光鼐、著照部议革职。其吏部右侍郎员缺。著金士松调补。所遗兵部左侍郎员缺即著刘秉恬补授。其浙江学政著顾学潮、暂行署理。今年为更易学政之年。届期有旨另补。
other_riot,谕军机大臣等、有人奏、闽省圜法紊乱。匪徒纠抢。请饬严办一摺。据称该省正月闲。有匪徒因各钱铺滚支。将店屋抢毁。地方官不能立时弹压甚至聚众明火。围劫典铺。民闲罢市。官避处分。讳抢为窃。设法消弭等语。奸商垄断牟利。匪徒藉端行劫紊乱钱法。扰害闾阎。均属大干法纪。亟应严拏惩办。至地方官藉徵解钱粮。营私肥己。尤应据实严参。著杨昌浚秉公彻究。务获真犯。按律严惩。并将不肖州县。随时参撤。以儆贪墨而靖地方。至原奏内称。民闲行用。票不如钱。请饬闽局迅行鼓铸。永禁出票一节。并著该督察度情形。妥筹办理。毋得操之过急。致滋事端。原摺著钞给阅看。将此由四百里谕令知之。现月
other_riot,全权大臣直隶总督李鸿章奏、将逞乱官犯已革直隶道员谭文焕、遵旨便宜批饬正法。报闻。摺包
other_riot,戊寅。谕内阁、张曜奏、运河道耆安工次被劫。获犯讯办。请将疏防员弁。摘去顶戴一摺。此案匪徒拒伤道员。抢劫鞘银。并伤人役多名。情节重大。非寻常盗案可比。难保无巨匪溷迹其闲。亟应迅速拏办。以遏乱萌。著张曜督饬地方文武。就已获八犯严行讯究。并将案内首要各犯。严拏务获。从重惩办。不准一名漏网。山东滕县知县秦应逵、该汛把总袁其智、于此等重案。毫无防范。仅予摘去顶戴。不足示惩。秦应逵、袁其智、均著先行革职。仍勒令协缉。现月
other_riot,丙申。谕诸王大臣等。内府佐领内管领等。从前康熙三十年间、所用钱粮。不过三十余万两今增至七十余万两。朕思以国家徵输之额赋。而养此并非正项兵丁、无用人口。且逐年增添。无所底止。甚非经久之策。是以屡询廷臣。商酌变通之法。据廉亲王奏称、旗下披甲人。每一佐领。只二十四名。内府佐领。亦应照此办理。朕云、内府佐领下人等甚多。若照八旗裁减。恐不可行。廉亲王奏称、臣属之图巴海佐领。俱系六七人始得一披甲钱粮。照此办理。无不可行。朕因将此事、交与庄亲王、及常明、来保、同廉亲王确议。乃廉亲王议将内府佐领下增甲九十余副。廉亲王在朕前、奏请裁减内府佐领之甲。及至议奏。反议增添。诚不知其何心。若果前奏难行。亦当陈明从前所奏之误。何以面奏可裁。而又议加增。阴邪叵测。莫此为甚。伊从前种种奸谋。欺骗诸臣。在廷共识其奸。伊计无所施。又借此摇惑此等卑下之人。欲以扰乱政事。且邀结人心。沽取名誉。而加朕以不美之名。朕念内府佐领披甲之人。多系殷富官员之家人。即如来保常明家人、披甲者甚多。且内管领人等、即幼稚亦有钱粮。其披甲钱粮。乃分外多得之项。将此裁去。未尝不可。因酌量定额。每佐领准其留甲五十副。裁其家下披甲内之多者。且目前亦不即行裁减。俟其缺出、扣除不补。乃来保、常明、自顾其私。将不甚紧急事件。连夜通传。守夜步军、不能禁止。以致内府佐领无赖之人。齐集廉亲王府门、妄行嚷闹。彼时廉亲王来奏此事。适本日朕将廉亲王之舅家、拨给廉亲王。朕意谓其必因拨给之事来奏。未曾召入。谕令于诸王大臣奏事之日同奏。而廉亲王并未声明内府佐领人等嚷闹情由。即行退去。次日庄亲王内务府大臣奏称、内府佐领下人等。至廉亲王处嚷闹。朕降上
other_riot,又谕、本日御史孙起端奏、请将军船水手乘时励用一摺。据称粮船水手人等。编入行伍。按名给饷。可为纪律之师等语。此等乌合之众。平时既未练习。安能望其深明纪律。即使乘时励用。事平之后。人数甚多。又将作何安置。且恐愈滋流弊。所奏著毋庸议。惟摺内所称各帮俱有头目。凡遇帮船争斗。得头目一言。水手无不听从。现虽不敢设立会首名目。而各帮暗中自有推遵之人。著朱树、麟庆、李湘棻、密谕总运千总。分帮询访头目。谕以各就各帮约束水手。俾共安本分。或自行转练。保护船只。勿被逆夷勾结。贪一时之重利。致清白良民。顿为叛逆。日后身家俱丧。傥贼船逼近粮艘。如能奋勇抵御。杀贼立功。自当立予重赏。如此剀切晓谕。俾其闻知。咸思感奋。庶几该水手等不为贼用而为我用。亦妥内攘外之一道也。将此谕令知之。
other_riot,谕军机大臣等、御史忠廉奏、京师盗风未息。宜专督捕责成一摺。京城自前年乱后。人心浮动。抢劫横行。虽经设立局所。分段协巡。而劫案仍复不少。著步军统领衙门、顺天府、五城御史、会同世续、铁良、广忠、荣庆、胡燏棻、详细会商。将巡防缉捕一切事宜。妥议章程。实力办理。总期各专责成。认真查缉。务使有犯必获。盗贼潜踪。闾阎安堵。用副朝廷除暴安良之至意。原摺著钞给阅看。将此各谕令知之。现
other_riot,御史文悌奏、近日京城内外。喧传洋人在内地开捐贡监。一得洋照。遇中国派捐饷税。及词讼牵涉。皆可邀洋人保护。明系中国匪徒。假托敛钱。请饬示禁严惩。以遏乱萌。得旨、著总理衙门查明办理。寻奏、遵查洋人开捐。并无确凭。该御史既有所闻。拟密行访查。果有匪徒假托惑血■乣情事。应即设法惩办。以息谣说。从之。摺包
other_riot,又谕、电寄赵尔丰、据端方电奏、川中昌言废约。事变晶■宜生。现已有罢市罢课之举。由此变本加厉。焚香设坛。育经习拳之事。必将接踵而起等语。瑞澂电奏情事相同。此中难保无匪徒藉端煽惑。著赵尔丰懔遵晶■宜次谕旨。切实弹压。迅速解散。毋任日久酿乱。傥或养痈贻患。致滋事端。定治该署督以应得之罪。并将近日所办情形。先行电奏。电寄
other_riot,戊寅。谕军机大臣等、有人奏、顺天府东安县属有著名巨匪虎翅子张秉俊。容留棍徒。扰害一乡句串坐地虎冯永奎、蠹役白面判官蒋富顺、赛诸葛赵玉、朋比为奸。盗案叠出。民不堪命。并有白昼抢劫骡马。交银勒赎。刃伤事主情事。该县刘兆璋买娼为妾。任意娱乐。于匪徒扰乱地方之事置若罔闻等语。著孙家鼐、孙楫即将该匪徒张秉俊等严饬缉拏。务获究办。并将该县刘兆璋被参各节。确切查明严参。毋稍回护。原摺著钞给阅看。将此谕令知之。寻孙家鼐等奏、查明刘兆璋买婢复遣。致有讹传。拟请免其置议。惟于张秉俊刃伤冯廷珍一案。并不比差传案。办理殊欠明决。已将该县撤任察看。以示惩儆从之。
other_riot,谕军机大臣等、据特成额奏、查明通城县黎赞武等、聚众殴官起衅情形。并拏获案犯。现在审办一摺。已于摺内详悉批示矣。该县郑师、因黎明翰、被胞侄黎玉敖等、捆殴成伤。伊妻孙氏赴县禀报。亲往查验。突遇黎赞武等、拦阻殴打。是该县并无办理不善之处。虽有被逼至黎赞武家内、勒写照稿一节。但此等乱民。与叛逆贼众不同。原不必遽以身殉。该县即被勒逼从。从权写给。以为脱身之计。尚近人情。细核此案情节。该县竟属无罪。不可参处以长刁风。至黎赞武等、恃其聚族而居。人多势众。竟敢聚众殴官。并将知县逼至家中。勒写字稿。不法已极。即将首犯凌迟。亦不足蔽辜。必须按名弋获。尽法惩治。方足以靖人心而肃法纪。著传谕特成额、严饬各属上紧查拏。毋使一名漏网。并将现获各犯。速行究审。从重定拟具奏。今获正犯否。著即速奏。将此由五百里谕令知之。
other_riot,谕议政王军机大臣等、光禄寺少卿郑锡瀛奏、请设屯田养兵。以节经费一摺。据称各直省及东三省等处驻防绿营满汉兵丁七十一万九千余名。岁需饷银一千六七百万余两。京城各旗营满汉额兵十五万一千余名。需饷五百余万两。尚不在此数内。国家岁入之款。约计四千数百万两。兵饷一项。已用其半。请将被扰省分。于城邑克复后。查明业户已绝。荒田圈为官地。募民屯种。佥以为兵。并酌给驻防满兵田亩。令其收取田租。抵作兵饷。计江浙皖陕甘等省兵饷。每岁可节省数百万两。并请将俸薪等项。及马乾银两。一并酌给荒田。令其认垦招佃。抵作领款等语。国家岁出各款。以兵饷为最钜。现在江皖苏浙陕甘各省。被扰较重。各区户口稀少。多有无主闲田。果能开设屯田。所节兵饷。为数甚钜。于经费不无裨益。著两江闽浙陕甘各总督。并江苏安徽浙江陕西各巡抚。各就地方情形。分别酌拟章程。妥议具奏。并将业经克复地方。先行办理。如实系无主荒田。即可募民屯种。并须选派廉明委员。认真清查。毋任蒙混骚扰至摺内所陈山东河南湖北湖南江西及川黔两广等省各属被扰地方有无闲田可以开屯之处。均著各该省督抚确切查明。各就地方情形。分别酌度办理。不得以创始为难。藉词推委。尤不可假手吏胥。强夺民闲有主之田。致令纷纷扰害。另片奏、请饬将山东等省查出叛产。给予兵丁屯田。著山东陕西各巡抚妥为经理。并著皖务黔粤各督抚。将捻匪土匪各叛产。一律查办。甘肃回匪叛产。俟军务完竣后。由该督查明办理。至台湾营制。向由内地营兵换班戍守。将来地方肃清。所有查出叛产。应如何变通营制开设屯田之处。著闽省督抚体察情形办理。原摺片各一件。均著钞给阅看。将此各谕令知之。
other_riot,己丑监国摄政王代诣乾清宫。接见奥国使臣讷色恩等六员谕内阁电寄＜?辶黎＞方■土岫等据电奏驻扎归化城之山西口外巡防队。猝然变乱统领周维藩未知存亡现由本城挑派巡防官兵五百数十名专顾城防并令土默特添练蒙兵五百名。回团三百名。民团二百名以资保＜?目辟＞行＜?匧心＞口＜?韦未＞＜?夗贝＞等语。著该将军等妥速布置。严为防守仍将详细情形。随时探明电奏
other_riot,癸酉。谕内阁、邓华熙奏、特倢■＜⿱曰融＞■＜⿱石木＞纵盗养奸劣员一摺。捐升湖北试用直隶州知州前署涡阳县知县桑寯、讳匿劫案。致长盗风。养痈贻患。此次土匪之乱。实自该员酿成。未便因其已经改省。稍事宽容。湖北试用直隶州知州桑寯、著即行革职。以示惩儆。现月
other_riot,又谕、宗人府将情实应绞官犯原任颜料库郎中宗室嵩庆、原犯案情黄册进呈。核其情节。缘嵩庆调补颜料库郎中。往伊堂母舅德丰额家叩头。德丰额邀伊往饭铺吃饭。同饮至醉。德丰额与车夫争闹。经嵩庆劝解。德丰额上车。嵩庆同坐车外。德丰额仍欲下车追闹。且将头乱撞。嵩庆以德丰额酒醉滋事。将伊左右腮颊用拳殴打。德丰额将嵩庆推堕车下。德丰额亦随同下车。拔取嵩庆所佩小刀。欲寻途闲车夫争斗。嵩庆抱住。夺回小刀。德丰额仍复夺取。嵩庆情急。以小刀吓戳。致伤德丰额左肋。越日殒命。宗人府会同刑部、将嵩庆依殴杀律问拟绞监候。入于情实。此虽照例办理。细核情节。究因德丰额起衅。且嵩庆又系自行出首。著加恩改为缓决。仍监禁宗人府空房。
other_riot,谕军机大臣等、有人奏、安徽在籍郎中曹英倚势横行。私带兵役锁拏平民。攒殴民人潘观海等。几于毙命。纠集匪棍。勒索商船。并与甲商吴敬仪狼狈为奸。紊乱盐纲亏短课税。叠被控告有案该员私充浙省盐商。改名曹行健。请饬查究等语。著陈彝、卫荣光将所奏各节。确切查明。据实具奏原摺均著钞给阅看。将此各谕令知之。寻卫荣光奏、徽商争销引盐。互相控告。现已讯明断结。此外并无重大情节。得旨、曹英著交部议处。苏宝善著查取官职的名。一并议处。陈彝奏遵查曹英本系浙江纲商。捐纳郎中。在休甯县经纪商务。尚无倚势横行。擅带局兵勒索诳骗等劣迹。奉查各案。似以阻止邻境融销盐引为重。虽已经和息。究属不知检束。应请将该郎中曹英交部议处。以示惩儆。得旨、前据卫荣光查明覆奏。已将曹英交部议处矣。现月摺包
other_riot,议政王大臣等疏言、察哈尔布尔尼兄弟、背叛授首、理应悬示。额驸沙津、为国效力、应行优叙。及边外率兵协助之诸王贝勒贝子公台吉等、俟大将军信郡王旋师之日、一并议叙。献布尔尼首级之昂阿尔住尔、应授为三等达尔汉。世袭罔替。赏给蟒服银币鞍马。及同来土谢图亲王之头等护卫绰石希等、亦分别赏给。得上□日、布尔尼首级、本当悬示。但念系公主所生之子、朕心不忍。布尔尼、并罗不藏、俱令收葬于公主坟傍。余如议
other_riot,又谕、电寄杨文鼎、电奏悉。铁路干路。收归国有。业经降旨宣布。定为政策。并经肬■闲派大员督办。万无反汗之理。兹据奏称、湘省君■羊情汹惧。哗噪异常。彳滟扁发传单。意在煽动。当即切诫各界绅首。赶紧劝谕开导。并严饬分投弹压等语。湘省民情浮动。易滋事端。著该抚严行禁止。剀切晓谕。不准刊单传布。聚血■乣演说。傥有匪徒从中煽惑。扰害治安。意在作乱准如所拟照乱党办法。格杀勿论。责成该抚认真防范。消患未萌。毋稍姑息。设有疏虞。酿成重案。定惟该抚是问。并谕邮传部。端方、瑞澂知之。电寄
other_riot,宗人府参奏、廉亲王允禩、因护军九十六、不遵伊之指使。立毙杖下。太监阎进、代伊隐瞒所行之事。重赐银两衣服。允禩擅专生杀之权。甚属悖乱。应将允禩革去亲王。严行禁锢。将所属佐领、撤入公中。得旨、允禩革去亲王禁锢并撤所属佐领之处。俱著宽免。九十六之宗族佐领、不可留于允禩属下。著撤入公中
other_riot,是月。两广总督百龄等奏报、查办洋匪张保等五股首夥、收缴船械、并酌留充伍一摺。得上□日、目前祇可如此办理。日后终有不妥。盖贪功者无远图。久乱者难猝治。尔等志之。
other_riot,乙丑。谕军机大臣等、偷割发辫一案。屡降谕旨各督抚、严加查拏。迄今多日总未见奏报弋获真犯即间有拏获讯供亦多属游移狡混。昨昌平州民人张二首告关德麟偷翦发辫。当即谕令军机大臣遣派司员。前往昌平州。提至行在。交军机大臣。详细研鞫乃系张二因德麟向索旧欠钱文。挟嫌诬陷将妇人乱。编就辫尖栽害种种情形供吐如绘。业将张二从重问拟绞候。关德麟等。即时分别发落省释矣。因思此案蔓延数省匪徒奸诈百出。各督抚遇有发觉案情。自当迅速擒获。严切办理。若讯明实系他人挟嫌栽害。即当将被诬之人。立时省释。其有心诬控之犯情节可恶者。亦照此案问拟如此真伪分明。不但诡黠之徒。共知儆畏。不敢诬陷良民。而伪者既除。不致复有捏混。真犯更无难就获。于缉匪安良。均属有益。但不可因有此诬捏之案。遂心存游移。于躧缉割辫匪徒。稍有怠玩。俾正犯得以漏网。可将此传谕方观承。及各督抚知之
other_riot,谕内阁、前据升任太仆寺少卿岑春火滟宣、御史冯锡仁、先后奏倢■＜⿱曰融＞■＜⿱石木＞广西巡抚黄槐森、臬司蔡希邠、右江道黄仁济、因循玩寇。营私纳贿各款。当经谕令陈宝箴确查具奏。嗣陈宝箴因案革职。复经谕令俞廉三认真查办。兹据查明覆奏。广西巡抚黄槐森、被倢■＜⿱曰融＞■＜⿱石木＞各节。多系传闻之讹。该抚平日于官方营务。尚能讲求。当匪乱纷起时。以饷绌兵单。未能应机立办。迨奉旨切责。即亲自督师。地方以次敉定。功过尚足相抵。著免其置议。广西地居边徼。现在匪乱初平。弹压抚绥。均关紧要。该抚务当振刷精神。妥筹措置。毋负委任。调补湖南按察使蔡希邠、虽无纳贿营私确据。实有袒庇同乡。引用私人情事。且该臬司屡被倢■＜⿱曰融＞■＜⿱石木＞劾。声名甚劣。著革职永不叙用。右江道黄仁济、于马平匪案初起时。办理不无迁延。不胜边要之任。著即行开缺。梧州府知府张璧封、因循玩寇。坐误事机。候补知县叶能棣、晶■宜谋要差。钻营有迹。前隆林营守备王起鸿、恇怯无能。冒功邀奖。均著即行革职。以肃官方。现月
other_riot,癸亥。谕内阁、据富俊奏、审讯遣犯韩自有等、商谋纠劫大概情形一摺。此案遣犯韩自有等、纠众滋事。前据斌静参奏副都统明德办理张皇。并将派审之协领巴达尔呼、奏请革职。兹据富俊讯明韩自有等、虽非谋叛、而纠众谋劫各情节。业据刘三供认明确。遣犯纠约滋事。自应严拏惩办。明德一闻首告。即将各犯全行拏获。惟未能审讯明晰。全委之巴达尔呼等严刑拷问。致将案犯拖毙。虽有应得之咎。亦不过止于议处。乃斌静前至墨尔根城。即不会同明德审办。率行参奏。并请将巴达尔呼革职。实属偏执意见。斌静不胜将军之任。著即来京候上□日。所有此案犯证多名。著富俊遵照前上□日。逐一讯明。分别定拟具奏。巴达尔呼著先行开复。俟结案时与明德一并交部分别议处。
other_riot,己未。谕内阁。朕闻得甘州地方。于上年正月内。有提标兵丁张宏印等六人。行劫张掖县民陈进孝家。伤害事玉陈训一案。现在审拟。又本年九月内。张掖县民李福家。一连两夜被劫。十月内。有张掖县民王建文家被盗二案。及挐获盗犯张雷等九人。俱系甘提标兵、现在食粮者。从来甘肃一带。民风醇朴。素无大盗劫夺之事。况今岁河西各属。俱获有秋。粮价亦较往年平减。其凉肃二镇兵丁、亦各安静守法。而甘提标兵、辄敢数十成群。公然盗劫。该管弁员、平日所司何事。如何训练约束。竟至如此肆行无忌。署提督刘世明、由侍卫微员。朕加恩用至提督总督。伊在总督任内。毫无善绩可称。其弟刘锡瑗、竟牵连于山西叛案之内。朕犹格外开恩赦宥。嗣因西路领兵需人。念伊熟悉边地情形。特召来京。授以副将军之重任。岂料伊一到军营。诸事委靡退缩。全无奋勇宣力之意。西陲弁兵。无不耻笑之。其罪与武格等。朕犹念其久历戎行。不忍遽令废弃。仍令署理甘州提督印务。以为赎罪自新之路。岂料伊在任二年。一味苟且因循。视国家之事、如同膜外。朕屡次训饬。毫不悛改。今伊所辖兵丁。目无国法。劫夺横行。扰害良善。闻之今人发指。不识刘世明具何心胸。而负恩溺职至此也。刘世明、著革职。拏交署总督刘于义、会同巡抚许容、将兵丁行劫各案。及纵兵为盗。负恩溺职情由。一一严审定拟具奏。甘州提督印务。著副都御史二格、前往署理。内阁学士岱奇、现差宁夏。有办理事件。俟办理后。前往肃州。协助刘于义、办理军需事务
other_riot,以山东巡抚许文秀、沂州总兵官李永盛、登州总兵官范承宗、失察叛贼于七。提问来京
other_riot,又谕、本日勾到山东省人犯内。该抚原拟缓决、经刑部改入情实者四起。一系冯焕、因赴街买烟。适遇庄邻赵连、向该犯借钱沽饮。彼此争扭。冯焕即夺刀扎伤赵连左腿左膝。复用刀乱扎。致伤赵连左月□合膊左月□曲月□秋唇吻等处殒命。金刃连扎。伤多且重。一系张四子、因见王明义幼子戏踏攩水土坎。王明义之妻刘氏。袒护启衅。致相詈骂。适王明义走至。赶上斥论。该犯顺用铁金□欣。击其左手腕、并砍伤顖门殒命。铁器重伤。死者并未还手。一系赵立志、充当汛兵。听信孙四唆使。诬指王二小为窃妄拏。经王大上前救护。该犯即拔王二小屠刀。砍伤王大右月□合膊左手背。又连砍脑后殒命。轻听妄拏。刃毙无辜。一系赵大二、因下沟捕鱼。与年甫十一岁之袁保安之母田氏吵骂。该犯即将田氏拖跌倒地。复拾砖掷伤袁保安左胁殒命。逞凶欺凌。殴毙幼孩。以上各案。核其情罪。均无可缓之理。刑部所改。俱为允当。业经概行予勾。秋谳大典。理应悉心详核。准情定罪。岂容率意定拟。以致失之轻纵。今该省秋审人犯。经刑部改定者有四起。自系吉庆初任巡抚。且非刑名出身所致。著传谕该抚、嗣后办理案件。务须留心详慎。核实妥办。期于情真罪当。毋得稍有错误也。
other_riot,谕军机大臣等、英秀等奏、土匪流民、聚众焚烧俄罗斯贸易圈子、并劫货物一摺。已谕令扎拉芬泰、派员前往会同查办矣。该处土匪流民。将俄罗斯贸易圈子焚烧。抢劫货物。理应将不法流民。严行拏办。以期息事。何遽张皇失措。纷纷咨调援兵。现在该国并未率众前来。即使该国果有入卡报复情事。该大臣等、亦祇当妥密防范。明白晓谕。许以严拏土匪。从严惩办。切不可与之开仗。致该国得以藉口。傥或不知轻重。妄启边衅。朕惟英秀等是问。为首流民五名。现已拏获。未获要犯。仍著严拏。并先行知照该国管贸易官。俟伊犁派员到时。会商妥办。启衅根由。并著查明具奏。该大臣等、惟当持以镇静。并晓谕在城兵民。无得慌乱。以安人心为要。将此由五百里谕令知之。
other_riot,监察御史胡思敬奏、学堂新章。行之数年。有十弊六害。请毕陈之。大学八分科。而中学占科。不及外洋艺业十分之一。且又本末精粗。淆乱颠倒。是有心撕灭数千年礼教纲常。后虽倡言存古。悔之何及。此一弊也。科举之失。失在束书不观。而惟乡会墨是求。学堂之失。失在东书不观。而惟讲义是求。科举行之数千年。始为后世诟病。学堂甫辟初基。人人已言腐败。此二弊也。师严而后道尊。今之教习。或一人兼四五差。辗转奔驰。有同市道。学生既不认教习为师。或且鬨堂以困之。教习亦设计笼络以求全。在外洋或不以为嫌。施之中国国学。何辱如之。此三弊也。古人之才。未尝不可效驰驱。至谓三代以来之政教。不足以治今日之民。必学西文。读西书。然后可窥西人之秘奥。而伍廷芳学西文最早。为美国法律专家。及为侍郎。不能阅刑曹之稿。严复译孟德斯鸠法意。发明民权自由。实已中毒于民。今学堂定章。乃令中学以上。皆以洋文为主谋。旷少年之时日。锢子弟之聪明。此四弊也。古人劬学。有起于樵牧者。有为人佣春者。今事事务为侈观。学生初入学堂。见宫室之美。器物之精。先已荡其心志。又朋侪血■乣多。互相夸耀。甚至争津贴而结伴寻仇。争殽馔而喷饭大言滟句。此五弊也。学堂一切规制章程。以外人为法。洋服洋言。与之俱化。其初不知有中国之学。其继且忘其为中国之民。此六弊也。学堂之文凭。重于公侯之告身。黠者百计购得。觊求调用。但凭一毕业生之名。上者予以京卿。下者予以部属。奔竞夤缘之路宽。而士林廉耻埽地尽矣。此七弊也。海内老师宿儒。凋丧殆尽。惟无数社会青年。甫受毕业之凭。便拥皋比之席。道听途说。安从诘其所授之分。此八弊也。教习屡易。各掉弄笔舌以诩其长。而学生之聪明乱矣。学生屡迁。各计较奖励轻重以定去留。无不请奖之学堂。即无不毕业之学生。而朝廷鼓舞之法穷矣。此九弊也。人莫不爱子弟。闻新政悬格招才。而不策励以勉其至者。非人情也。今夺之慈父严师之手。而托诸不关痛痒之人。纵技艺薄有所成。而习染之性情先坏。此十弊也。十弊既滋。六害因之。一曰压抑寒畯之害。自古人才。起于寒门者。十常七八。今学堂一味夸张。则窃人之进取已绝。计内地一学生费。至少需二三百金。必家具万金之产。始足拚孤注之一掷。下此更何望焉。二曰搅乱仕途之害。执学商之人。与以翰林。而令其修史。执学农学医之人。与以部属。而令其治文书。理案牍。执学工学理化之人。与以州县官。而令其临民。虽三尺童子。知其不可。无足辩也。然即取通习各国语言文字者。归之外务部。而遂能办交涉乎。取农工商学及法政财政毕业者。归之农工商部及法部度支部。其遂能兴实业。断大狱。通国计乎。而徒聚此无数攻金攻木攻皮设色刮摩搏埴之徒。布列左右。一朝有变。其将谁与国存耶。三曰骚扰闾阎之害。近时捐派繁重。托之学务者为多。奸党百计侵渔。欺压良善。往往激而生变。当大学堂初兴。岁费二十余万。是时有学生三百余人。计七八百金养一学生。而使农者不安于田。工者商者不安于市。谁为画此策者。当交哑然失笑矣。四曰摧残士类之害。乾隆极盛时。一县应童子试者。约二三千人。庚子和戎以后。四民皆乱。儒业尤衰。贫者限于物力。富者亦畏避风潮。乡井萧条。弦诵将绝。才难之叹。自古已然。不于士乎求之。而专重外洋专门实业。以为人才在是。不愈求而愈远欤。五曰增长逆焰之害。近闻东洋留学生。党派甚多。各省皆有领袖。潜相句引。煽动四方。以洪秀全杨秀清为英雄。以张汶祥徐锡麟为义烈。托之文字诗歌。极口赞扬。内地学生。遥相唱和。不设计禁阻。而反提倡民权。罔民而陷。独何心乎。六曰推广漏卮之害。学堂所需者模范标本器具。以及图籍操衣等类。无一不从海舶而来。聘一洋教习。岁破五六千金。送一出洋学生。岁破七八百金。自学务大兴。祇日本一国。每岁吸我膏血。不下数千万金。在廷诸臣。日日侈富强。乃酿成此极贫极弱之证。其何说以解此。以上所陈。激于一时孤愤。不免言之过当。请饬部臣改筹办法。以维大局而安士心。下学部知之。现月
other_riot,御史刘显曾奏、宿州食盐。上年奉部章每年加价四文。路费二文。民皆遵守。乃盐局委员祝云翔勒令铜圆购盐。改七五折。而各子店复短称二两。民有违言。则虚报抢劫。损失盐斤。请兵弹压。乘查办委员李维源未到之先。串同局委丁镗、王鸿陆、知州李铭楚私押绅商。勒照加价短称办法。匪特紊乱部章。而且几酿大变。请饬查明办理。得旨、交安徽巡抚朱家宝查覆。
other_riot,又谕、前据给事中汪报原奏、本年乡场士子乱号。既经查出。仍复含糊不办。当降旨交该监临监试御史明白回奏。旋据该监临等联衔具奏。入闱后查出二场余字号监生杨世淇乱号。当即照例办理。兹据光禄寺少卿曾望颜奏参、监临覆奏不实。请旨严饬查办。著监试给事中佛恩多、德成、御史宗赓、多斌、帅方蔚、冯元锡、袁文祥、刘梦兰、各自具摺据实覆奏。不准彼此商同。含混隐饰。稍有不实不尽。如果据实陈奏。尚可量加宽宥。傥仍含混讳饰。则是有心蒙蔽。甘蹈欺隐之习。即不得为大清国臣子矣。朕言出法随。该监试等具有天良。其各力湔积习。直陈无隐。勿贻后悔。
other_riot,又谕、电寄昆源、电奏鄂乱孔亟。梦寐难安。请负弩前驱赴援等语。现在牧政紧要。昆源著毋庸赴鄂。
other_riot,谕军机大臣等、有人奏、川省乱象日炽。督臣溺职贻误情形。又奏、川省乱象已成。督臣办理日形竭蹶各摺片。据称藩司员凤林、昏愦善忘。年老嗜利。及道府各员劣奣＜⿰虘阝＞亦等语。川省吏治疲玩。军政废弛。近日资阳等处匪徒。复有扰乱情事。全在疆臣认真整顿。挽回积习。绥靖地方。若如所奏各节。非特贻误大局。实属有负委任。奎俊嗣后务当振作精神。力图报称。并将所倢■＜⿱曰融＞■＜⿱石木＞文武。按款严查。据实具奏。毋稍徇饰。自干咎戾。原摺单片。均著钞给阅看。将此谕令知之。现月
other_riot,壬子。谕内阁、前因近畿一带拳民。藉端滋事。人心浮动。晶■宜经谕令严行查办。乃近来京城地面。往往有无籍之徒。三五成君■羊。执持刀械。游行街市。聚散无常。若不亟行严禁。实属不成事体。步军统领衙门、顺天府、五城、均有缉捕匪徒稽查地方之责。岂容此类鹿＜⿰虘阝＞囷聚辇毂。纷纷扰攘。摇惑人心。除谕饬管理神机营虎神营王大臣。将所部弁兵。全行驻厂。并遴派马步队伍。各段昼夜梭巡。傥有匪徒聚血■乣生事。即行拏办外。并责成步军统领衙门、顺天府、五城、严饬该管员弁人等。各分汛地。严密巡查。遇有形奣＜⿰虘阝＞亦可疑及结党持械造言生事之人。立即严拏惩办。毋稍疏纵。以消乱萌而靖地方。现月
other_riot,壬午。谕军机大臣等、电寄张人骏、闻广东盗风日炽。为害闾阎。朝廷实深廑念。晶■宜经降旨谕令该督抚赶办清乡。以靖乱源。岑春火滟宣现住梧州。虽能兼顾。究距东省稍远。张人骏专任一方。责无旁贷。著即与岑春火滟宣会商。妥筹布置。遴派得力统将。严密巡拏。认真办理。仍责成该抚随时督饬。切实整顿。除盗安良。务期消患未萌。地方安堵。毋稍疏懈。电寄
other_riot,又谕、有人奏、热河吏治久坏。州县营官。纵盗殃民。朝阳等处。晶■宜出巨案。并未惩办。剧盗潘成等、乘乱焚劫。号召甚血■乣。请饬严密查办等语。热河地方。近接畿辅。花子沟聚血■乣一案。已烦兵力。若盗源不清。后患何堪设想。著袁世凯、色楞额、将著名各匪。严拏惩办。并将吏治营规。实力整顿。以靖地方。原片著钞给阅看。将此各谕令知之。寻奏、查前管带练军郝祥麟、并无冤杀良民及诱奸民女情事。惟兵丁约束不严。未免骚扰。现已撤换。喇嘛潘成、亦无捏控喇嘛刘喜、贿差毒毙及被贼供扳之案。其余各节。或事出有因。或查无实据。均毋庸议。至吏治营规。亟应力求整顿。并饬各防营州县。严治盗贼。以靖边塞。报闻。
other_riot,又谕曰、庄有恭摺奏、拏获浙江造卖海票匪犯一案。内称饬行苏、松、太、三府州县。出示晓谕。凡有被诱买受海票者。许令据实自首。以净根株等语。此事当雅尔哈善奏到时朕即谓不过愚民诓骗钱财。非罗田叛党及传钞伪稿之比。今李大等既经拏获押赴浙省质讯。按律治罪足矣。若复出示晓谕。概令买票者据实自首。无论被诱之人。必不甘心自首且辗转搜求。未免张皇骇听。不应如此办理凡自首之条。俱属有名无实。不过完案时、以为余波耳。何足净尽根株耶。前经申祺奏及。朕明切晓谕。令不必行。将此并传谕庄有恭知之。
other_riot,谕曰。御史穑鲁奏称、八旗生计艰难。请每旗各设一库。每库用银五十万两。借与本旗官员。以及包衣兵丁。每月每两令出利银二分。计年终之时。每库可得利银十二万两。以五万两归还库帑。余银七万两。散与本旗兵丁。十年以后。帑银归完。即将此项银两。永作八旗公库等语。朕御极之初。加恩借给旗人库银。本期有益生计。乃迩年以来。细加体察。知伊等所领银两。随手花费。而每月扣除额饷。于生计转觉艰难。是以降旨豁免未完之项。停止再借。所降谕旨。至为明晰。而穑鲁复有此奏。是诚何心。且资本必须营运。方能获利。旗人办事当差。日不暇给。何术而能坐获二分之厚息乎。原不过随手花销。而按季按月。交纳利银。将受永远无穷之剥削。是非欲以厚其生计。而转以朘其脂膏。此乃富豪盘剥小民之计。而穑鲁反以为养赡资生之良策。悖谬极矣。又奏称八旗生齿日繁。与其多设养育之方。无如广开登进之路。凡近京省城府、道、州、县、副、参、游、守、等官。俱宜参用满洲。京营游、守、千、把、俱以满洲补用。满洲之人。农工商贾。俱非所习。除居官为兵外。别无资生之策等语。国家分职授官。量材器使。必其人之克胜厥任。方可擢授。年来满洲中堪任外官者。朕未尝不量行擢补。然不可定为成例。盖八旗官员。文则六部院寺。武则都统参佐。员缺甚多。材略尽可施展。遵循旧例。为官择人。尚恐人材不足。何必更开外用之一途。且其意以登进之路。为养育之方。尤不可训。文武员弁。原藉以分猷宣力。为国为民。今曰资生无策。优以官爵。将居官者惟利是图。安望其洁己奉公。实心任事乎。况员缺有限。而生齿日繁。以此为养赡之法。岂非妄乱之甚乎。又奏请铸当十钱。每钱一文。重四钱。当小钱之十。现今制钱之五。大钱四十文。得铜一斤。则钱价浮于铜价。盗销之弊。可不屏自除。并请复设钱行经纪等语。钱法一事。屡经条奏定议。自当渐次清楚。若改铸大钱。铜质轻而获利厚。盗铸之源。自此而开。奸民私毁制钱。改铸大钱。盗销之弊。自此益炽。于钱法有益乎。无益乎。至经纪蠹役。经御史条奏革除。穑鲁又请招募。此招募之人。能必其即愈于所革之人乎。彼所奏三摺。持论悖谬。妄欲变乱成法。今略撮其大要。宣示于众。穑鲁著交部严加议处。
other_riot,谕军机大臣等、给事中刘恩溥奏、近来游勇四出。直隶隆平束鹿等五县。衙署皆被抢劫。官眷亦有被伤。该县官讳匿不报。请饬缉捕等语。前据沈秉成奏。直隶毗连东豫地方。盗匪滋扰。当谕令李鸿章等严拏惩办。兹复据该给事中所奏各情。似此盗贼公行。不肖州县。养痈贻患。若不及早严办。何以肃吏治而清乱源。著李鸿章确切查明。据实具奏。一面饬属上紧缉拏。傥该地方官讳匿属实。即著严□□□尔□惩办。勿稍徇隐。将此由四百里谕令知之。现月
other_riot,谕军机大臣等、有人奏、江苏升任太仓直隶州王如林、系书吏出身。报捐佐杂。专事逢迎。其任长洲知县时。贪淫酷虐。每遇缓徵年分。匿荒私敛。每米一石。折制钱八九千文。滥刑决责。不依定例。上年七月。将沈聚保等、照土匪啸聚斩枭。失入至四人之多。又广东潮阳县人郑子堃、招集匪类。讹诈取利。王如林、得规包庇。竟与结盟。毛姓等被劫之案。并不查缉。并讹索盐店陋规。多方扰害。吸食鸦片。强买民女为妾。种种贪污劣迹。实属大干法纪。著何桂清、赵德辙、按照所参各款。逐细详查。据实参奏。毋稍徇隐。又据奏称、上海夷船辐辏。各省所产茶丝。皆往该处售卖。为徵课大宗。夷人例准在水次收买。不准入内地。乃近年夷人、往往乘坐内河船只。往来窥伺。图绘形势。散布夷书。种种叵测等语。上海税课。为数甚钜。若听夷人、在内地购茧缫丝。税课必至短绌。兼恐与奸民句结为患。著该督抚等、申明例禁。不准夷人潜入内地。如有奸民图利导引前来。即著从严惩办。以重税务而杜乱萌。原片著钞给阅看。将此谕令知之。
other_riot,又谕、前据荣禄奏称、武＜⿰目辟＞行＜⿱匧心＞口＜⿰韦未＞＜⿱夗贝＞中军饷银三十一万两。向存京都中国通商银行。因该银行已被焚毁该行商致上海银行信凭。请由上海兑拨。当经饬知余联沅传知上海银行。就近兑交。即存上海道库。以备运拨。兹据该道电禀已钦遵咨呈盛宣怀提解等语。即著责成该京卿。迅将此项银两。如数提交江甯藩库代存。以便由该大学士酌拨。毋稍延误。将此由六百里谕令知之。寻奏、此次乱事。京津银行。埽地无余。上海各埠生意停滞。今银行万分艰窘。拟酌分期限偿缴。下所司覆议。摺包
other_riot,两江总督陆建瀛等奏、刁民遇事聚众。随时持平酌办。得旨、秉公持正。乃正办也。乱言蜚语。一概不顾方好。
other_riot,豁免直隶清河道库。发商承领。因乱被抢。因公动用之工款息银。摺包
other_riot,庚申。谕内阁、御史程赞宁奏、请申严夥抢械斗之禁。以靖地方一摺。夥抢械斗。其嚣陵之气。实为乱萌。地方官果能随案惩办。则凶顽屏迹。自不致日久养痈。乃近来官员、大率因循怠玩。祇图一时回护处分。不知涓涓不塞。流为江河。卒之酿成巨案。而地方官获咎滋重。著各督抚严饬府州县官。嗣后遇有纠众逞凶之案。务须彻底严查究办。毋得避重就轻。化大为小。傥有瞻徇容隐诸敝□大。即行据实严参。若该管上司、于所属有禀报之案。颟顸压搁。别经发觉。则治该管上司之罪。不稍宽贷。
other_riot,丙戌。谕曰、御史喀尔崇义奏、此次经筵。赏赐大臣筵宴。派出护军参领。并不严管。致不肖之徒。乱夺食物。请将查看之护军参领。交部察议等语。赏赐大臣筵宴。典礼攸关。查看护军参领。并不严管。以致乱夺食物。非礼实甚。著将所派之护军参领等、交领侍卫大臣严察议奏。向来太和殿。丰泽园等大宴。朕俱特派王大臣看管。此等照常筵宴。亦当特派人看管。嗣后若有此等照常筵宴。该部将八旗护军统领等职名进呈。朕亲派一员。令其特管。所派之护军统领。即领该旗之护军参领。护军等严查。若有疎懒者。朕于所派之护军统领是问
other_riot,又谕、现在四川乱党。藉争路为名。煽惑商民罢市罢课。近复传布自保商搉书。意图自立。并有攻扑督署。肆行烧杀情事。已经电谕赵尔丰、分别良莠。剿抚兼施。乃旅京绅商学界。屡次开会。聚集多人。投递呈词。是不知该省匪徒构乱情形。暨朝廷绥靖地方深意。徒滋扰乱。京畿重地。亟应保＜?目辟＞行＜?匧心＞口＜?韦未＞＜?夗贝＞治安。尤须严加防范。著学部严饬各学堂管理各员。认真约束学生。照常上课。不准随意出堂。干预外事。并著民政部。步军统领衙门。严行禁止聚血■乣开会。多派兵警。加意弹压。如仍有开会演说。纷递呈词者。立即劝阻解散。傥或不遵。即行分别拏办。并将自称四川代表刘声元、严密查拏。押解回籍。交地方官严加管束。各该衙门务当实力奉行。毋稍疏忽。现月
other_riot,又谕、瑞澂奏、特倢■＜?曰融＞■＜?石木＞绅士挟私酿乱请分别惩儆一摺。据称该省议劝绅捐。先办义粜。湘绅王先谦、首先梗议。事遂迁延变起之后。复归咎抚臣激变。电请易人。殊属不知大体。孔宪教、杨巩、二人。于推戴藩司。陷抚臣。持之尤力。杨巩本系被议人员。朦捐候选道。尤属品行卑下。叶德辉当米贵时。积谷万余石。不肯减价售出。实属为富不仁等语。前国子监祭酒王先谦、分省补用道孔宪教、均著交部严加议处。吏部主事叶德辉、候选道杨巩、均著即行革职。交地方官严加管束。现月
other_riot,庚申。谕内阁、近因民教寻仇讹言四起。匪徒乘乱烧抢。晶■宜出所有各国使馆理应认真保护。著荣禄速派武＜⿰目辟＞行＜⿱匧心＞口＜⿰韦未＞＜⿱夗贝＞中军得力队伍即日前往东交民巷一带将各使馆实力保护不得稍有疏虞。如使馆眷属人等有愿暂行赴津者原应沿途一体保护惟现在铁路未通若由陆遄行防护恐难周妥应仍照常安居。俟铁路修复再行察看情形。分别办理。现月
other_riot,又谕、前派端方前往四川查办铁路事宜。嗣据都察院代奏、四川京官曾鉴等为川民争路。致酿重案。恳饬秉公查办。以维大局而遏乱源呈一件。又经谕令端方按照所陈各节秉公查明具奏。兹据端方电奏称行抵川境晶■宜据各属士绅代表呈诉并先后接据委员报告。及所闻官绅议论。详加考核查得川中罢市罢课。不戕官吏不劫仓库。绝非逆党句结为乱其七月十五日民居失火。仅系南打金街民人自行失慎。人民因蒲殿俊罗纶等被拘。赴辕请释。统领田徵葵擅行枪毙街正商民数十人。附近居民闻知。遂首裹白巾。奔赴城下求情。又为枪毙数十人。以致血■乣情愤激。其所传告之自保商榷书。并无独立字样。亦无保路同志会及股东会图记。其中且有皇基万世等语。并非出自蒲罗等之手。又有＜?目辟＞暒穴＜?曰融＞夕＜?夗贝＞获之木牌血书。皆匪徒假托非士人所为。川中官吏周善培、王掞、饶凤璪等复挟咨议局纠举之嫌。构成冤狱不纳捐粮一说。系官绅联合会内提倡。有缓办捐输以请息扣粮之议并非股东实行徵收国家租税等语此次川事糜烂。既据端方查明。实由官民交鬨而成所有办理不善之地方官。自应分别惩治前护四川总督王人文现署四川总督赵尔丰身任封圻。既不能裁制于前。复不能弭患于后。实属咎无可辞。王人文赵尔丰均著交内阁议处。署松潘镇总兵营务处总办候补道田徵葵、贪功妄举。擅毙平民。著即行革职发往巴藏。责令戴罪图功。署提法使劝业道周善培、轻躁喜事。变诈无常。候补道王掞、王梓、结怨绅商。声名素劣。均著即行革职。候补道饶凤璪、资轻望浅。舆论不孚。著以同知候补。以昭炯戒。四川咨议局议长法部主事蒲殿俊、副议长举人罗纶、度支部主事邓孝可、翰林院编修颜楷贡生张澜民政部主事胡嵘举人江三乘、叶秉诚、王铭新对于匪事绝无干涉。均著即行释放。法部主事萧湘前被拘留著一并免其置议现在川省土匪窃发。蹂躏地方煽胁良民蔓延日久。著端方传旨责成蒲殿俊等分投开导。迅速解散不得藉词诿卸。其有抗拒不服。甘心作乱之匪徒。仍著端方赵尔丰严饬地方文武切实剿办。总使良莠分明。毋枉毋纵以副朝廷绥靖地方之至意。
other_riot,癸丑。谕内阁官文、左宗棠奏、营员叠被民团戕害。亟应查办一摺。直隶办理团练。原以保卫地方。官兵等过境。如有肆行骚扰者。亦应听候统兵大臣按照军法办理。若如官文、左宗棠、所奏。历经派出侦探解粮之守备王广先等、在深泽交河等处地方。叠被乡民杀害。至数十名之多。核其被害情由。并非因骚扰启衅。该乡民等任意妄杀。不可不严行惩办。著官文、左宗棠、出示严禁。以后官兵。务当严肃纪律。各该处乡民。不得仍前妄杀。傥有前项情弊。即行严拏惩治。用遏乱萌。并著官文严饬各该地方官。将各案为首凶棍。严缉究办。正定县知县郑兆同。于营员解饷过境。并不派差护送。任令差役群殴弁勇。又不交犯追赃。咎无可辞。著即行撤任。留于地方协缉。仍听候官文等查参办理。
other_riot,又谕、御史德勒克呢玛奏、天津鸦片烟土。查拏未净。本年步军统领衙门顺天府拏获各案。俱供由天津贩运来京。又天津县蠹役王治明、绰号王老虎、把持衙门。与历任门丁。串通一气。上年查办烟土时。与同夥以假土抵换。留真烟吸食贩卖等语。天津为直隶海口。密迩京师。上年经该督亲往该处查拏烟土。如果摉除净尽。何以尚有匪徒潜运来京。辗转贩卖。可见该处查办之处。仍多隐匿囤积之烟。著琦善于前赴天津时。派委妥实文武大员。严密访查。务期来源净绝。无任再有窝藏。至蠹役王治明、包庇烟贩。以假乱真。尤堪痛恨。并著密速查拏。按照新定章程。从严惩办。毋稍宽纵。原摺著钞给阅看。将此谕令知之。寻奏、王治明向充县役。乳名虎儿。是以相沿称为王老虎。并无抵换烟土情事。惟屡次恃强滋事。应于凶恶棍徒军罪上减等问拟。杖一百徒三年。下部议。从之。
other_riot,又谕。据毕沅奏。卢氏县民常礼。因上年京兵过豫。经院司出示通饬。毋许派累。该犯捏称院司告示。系伊赴省呈请给发。欲为院司各竖德政碑。敛钱渔利。经该县饬差将碑扑毁。查拏严究。常礼即纠众拒捕。殴伤差役六人。先后身死。现将常礼等三十六名。拏获解省严审等语。兵差过境。原恐其累及闾阎。是以车辆一切。俱准其开销。毋许藉端苛派。该抚司能仰体朕意。出示通饬严禁。办理即属妥协。亦分内应办之事乃常礼等因有此体恤之事。转思从中敛钱渔利。已属可恶。迨经查拏。辄敢主使村人拒捕夺犯。伤毙差役至六命之多。更出情理之外。此等案犯。不可复以寻常首从而论其主谋首恶。及下手伤差。从旁助势各犯。均当从严办理以儆刁风。虽其余实系随从附和。迫胁同行者。其罪即不至于死。亦应问拟远遣。不可仍留内地。著传谕毕沅。即将玩获之常礼等三十六名。严审明确。从重办理。不得稍存姑息之见。其未获之王棫等五犯。并著饬属上紧缉拏务获。勿任远扬漏网。至河南民风。素称淳朴。朕初阅奏摺。尚恐系卫辉一带灾区。地方官办理不善。以致激成事端一再细阅。乃系陕州卢氏县之事。该县并非灾地。乃常礼等。意图渔利。辄敢殴差毙命。竟系乱民滋事。尚非该县之过。且该县因竖碑违例。即饬扑毁。一闻该犯等聚众殴差。即亲往拏获多人。尚属能事。著毕沅查明该县谢钟毓。如果平日居官尚好。俟事完后。即出具考语送部引见。将此由五百里传谕知之。
other_riot,又谕、伊勒屯等奏、请饬谕乌科二城捐输军饷。奎昌奏、据闻布伦托海有警。派兵确探各摺。巴城累年领到军饷。不敷支发。该处兵丁。枵腹荷戈。自应设法接济。乌科两城。尚称完善。著麟兴、荣全、锦丕勒多尔济、奎昌、福济、车林多尔济、于该两城官商及蒙古人等。妥为劝谕。如有力能助饷踊跃输将者。准其给予议叙。一俟捐有成数。即解至巴城。以济军食。惟不得抑勒苛派。致滋扰累。奎昌奏、蒙兵棍布报称。闻布伦托海于四月二十六日夜闲。有难民变乱情事。致附近蒙古各站。人心惊惶。驿路梗塞。该处距布伦托海尚远。传闻是否确实。著奎昌等即派员绕道前往。探明确耗。随时具奏。布伦托海新城。关系紧要。如有难民扰害。亟应设法布置。李云麟何以尚未入奏。著一面据实奏闻。一面严饬该城员弁。弹压抚绥。以靖边圉。将此由五百里谕知麟兴、荣全、锦丕勒多尔济、奎昌、福济、东林多尔济、李云麟、明瑶、锡纶、伊勒屯、并传谕何琯知之。
other_riot,庚戌。参赞大臣舒赫德奏、六月十五日。准叶尔羌办事大臣海明等、咨报贼回抢掠台站。臣详察情由叶尔羌喀什噶尔等处。各城回人杂处。性习愚顽此等不过失业贫人。妄言滋事。奸徒乘机煽惑。诡称准夷余孽。以掩其抢掠台站之迹。其实回人等、虽善恶不齐。现在兵戈宁息欲图生聚者居多。断不致大为摇动。即如流言六月初五日、喀什噶尔已乱。而初六日阿里衮尚有递到常行事件。其为虚妄可知。臣将海明等行知奏稿。毫不宣露。一面密派护军校窦保住、行文海明等。将贼人言词虚妄。晓示回众。但拏获传书之人。此事原由。即可明晰。至阿里衮现在已经办理。亦未可定。俟得确信。即行具奏。谕军机大臣等、舒赫德奏、抢掠台站贼人情形。所见甚是。但贼人既倡言煽惑。且业经抢掠台站。深可痛恨。自应酌量领兵办理。在造谋起事之人。固不可疎纵。其情尚可原者。亦当安抚。惟存之于心。不可使众人窥测。反生侥幸。至阿布都喇伊木、从前率先归附。此次呈出逆书。绝无瞻顾。殊属可嘉。舒赫德即查核情由。应如何酌量加恩之处。奏闻请旨。
other_riot,盛京将军裕禄奏、查明被寇州县。因乱逃逸人犯。请俟缉获后。另行办理。下刑部知之。摺包
other_riot,又奏、濮州帮千总吴廷锡领运密云等处兵米。因遭拳乱。抢护运回德州。惟米已受湿霉变。应请饬令变卖。即照现价解兑。以免该员赔累。下户部知之。摺包
other_riot,癸巳。谕内阁、自咸丰同治以来。发捻回各匪。扰乱各省。陆续戡定。其文武大员勋绩卓著者。皆已懋赏酬庸。或锡予爵职。现计阅时五十余年。各勋臣子孙。其名位显达者固不乏人。而浮沉下位伏处乡里者。亦复不少。方今朝廷保民绥边。锐意尚武。闻鼙思将。弥念前劳。当经谕令各省督抚、各旗都统。将勋绩尤为卓越诸臣后裔。查明有何官职汇报。兹据军机大臣开单呈览。自应渥沛恩施。前西安将军多隆阿之次孙署墨尔根副都统正黄旗协领寿庆、著以副都统记名肬■闲放。曾孙应袭男爵奎弓滟＜⿰⻊兪＞滟弓、著以郎中补用。前湖北提督向荣之曾孙向楷、著以知府分省即补。向迺全、著以主事补用。前安徽。巡抚江忠源之孙江慎勋、著以知府分省即补。曾孙一等轻车都尉江勤培、著以员外郎分部补用。前布政使衔浙江甯绍台道罗泽南之孙骑都尉罗长耿、著以知府记名肬■闲放。曾孙罗延祚、著以主事分部补用。前协办大学士四川总督骆秉章之孙浙江严州同知调补玉环同知骆楙勋、著以知府在任即选。曾孙骆毓枢、著以主事分部补用。前江南提督张国梁之孙男爵张绳祖、著以知府分省即补。张继祖、著以主事分部补用。前巡抚衔浙江布政使李续宾之孙度支部郎中兼袭男爵李前普、著以道员记名肬■闲放。曾孙李正绳、著以主事分部补用。前兵部尚书彭玉麟之次孙湖北补用道彭见绥、著以道员记名肬■闲放。曾孙彭万澂、著以主事分部补用。前陕甘总督杨岳斌之子军机处存记福建遇缺尽先题奏道一等轻车都尉杨正仪、著仍以道员记名肬■闲放。孙杨道澂、著以主事分部补用。前四川提督鲍超之次子农工商部主事兼袭子爵鲍祖恩、著以知府即选。孙陆军部主事鲍世爵、著以郎中分部补用。前署安徽巡抚布政使李孟君■羊之孙李兴仁、著以知州即选。李兴孝、著以主事分部补用。前江西南赣镇总兵程学启之嗣子江苏试用道兼袭男爵程建勋、著以道员记名肬■闲放。前广东提督刘松山之孙江苏候补道兼袭子爵刘国安、著以道员记名肬■闲放。曾孙刘家琨、著以主事分部补用。前贵州提督冯子材之次子浙江候补知府冯相华、著以道员记名肬■闲放。孙冯承凤、著以主事分部补用。前湖南提督塔齐布、著该管旗查明立嗣。奏请恩施。用示朝廷培植世臣。激励将士之至意。现月
other_riot,刑部等衙门会议、顺天乡试中式之周启、系原任步军统领托合齐家人周三之子。倩人代笔、串通誊录受卷所吏役、通同作弊。应绞监候。周三于贿嘱司狱周芝荃、致死首告伊子之邵文卿、希图灭口案内、已经论斩、从重归结。至于说事通贿之谈汝龙、高岳、受赃之誊录所书吏阿亮公、受卷所书吏钱灿如、亦应绞监候。代周启作文之王廷铨、应杖徒。失察受卷所官唐县知县、李嶟瑞、降一级、罚俸一年。监试御史杨笃生、陈勋、阿迩赛、石芳柱、各罚俸一年。誊录所官无极县知县陈明伦、已经休致。提调官顺天府府丞李法祖、已经别案革职。俱无庸议。得上□日、周三、周启、身系奴仆、肆行贿赂、紊乱科场大典。情罪可恶。俱著即处斩。李嶟瑞、杨笃生、阿迩赛、石芳柱、陈勋等、系专司科场事务官员。怠玩疎忽、不行严察。殊属溺职。著革职。余依议。
other_riot,刑部议奏、山东民人武泳清京控一案。得上□日、此案武泳清、前因诬告康基田、发遣黑龙江。遇赦减徒释回。乃不知悛改。复因讹诈不遂。以亏帑报劫、勾匪戕官重情。诬控多人。部议照诬告叛逆未决律。拟以斩候。固属照例办理。但该犯于讹诈葛恒太时。辄先写书信。自称武老泳视黑龙江为故土。不怕告虚反坐字样。其刁健横肆。尤出情理之外。武泳清著改为绞立决。以儆刁风。
other_riot,丁卯。谕军机大臣等、成衮扎布等奏、杜尔伯特管旗章京车塔尔等、因其汗索诺木衮布懦弱。而哈屯布尼达喇。约束所属颇严。计欲遣回母家。据报差员查讯。俱称哈屯理直应将车塔尔等治罪但伊部落向无定例。请将车塔尔等、革职安插。其汗哈屯家务。交扎奇噜克齐和通、副管旗章京巴颜克什克等办理等语。成衮扎布等所办未免姑息。在伊等以布尼达喇、乃喀尔喀部落之女。若重治车塔尔等。则有徇庇之嫌。殊不知车塔尔为人臣仆。而威胁其汗。欲逐出哈屯。不法已极。自应从重治罪。或念伊等新附。未知礼法。姑从宽典。亦不可存留旧地。致起衅端。可传谕成衮扎布、即将伊等互讦之属人。传齐讯问。将其中不受布尼达喇约束。因而挟嫌设计者。著即解送来京至其互讦供词有车凌乌巴什欲叛之语。谅系捏造。成衮扎布即置若罔闻。方为妥协。其拟派杜尔伯特管旗人员。著照所请行。
other_riot,理藩院题、鄂尔多斯贝勒松阿喇布等报称、厄鲁特巴图尔济农、于黄河崖驻牧。议遣司官二员、谕使归部。上谕学士等曰、此事朕知其故。初厄鲁特鄂齐尔图汗、为噶尔丹博硕克图所杀。其国被夺。其子衮布喇卜坦、其侄巴图尔济农、败遁、求达赖喇嘛指授所居之处。达头喇嘛令衮布喇卜坦、住居阿喇克山。自此遂居彼地。先是巴图尔济农、于我定边界、缘边驻牧。曾移文噶尔丹博硕克图、言此乃尔厄鲁特之人、尔若收取、则取之。若不收取、我自有处置。噶尔丹覆云、且过来年、俟后年收之。今闻衮布喇卜坦、取喀尔喀土谢图汗之女为妻、两处互相犄角。噶尔丹博硕克图、欲以兵向衮布喇卜坦、巴图尔济农、则恐喀尔喀土谢图汗蹑其后。欲以兵向喀尔喀、则恐衮布喇卜坦等蹑其后。盖断不能收取巴图尔济农者也。且噶尔丹众最贫苦。有一马者、即称为富饶。势必内生变乱。此事暂留、俟回京再奏
other_riot,又谕、前据给事中汪报原奏、本年乡场士子乱号。既经查出。仍复含糊不办。当降旨交该监临监试御史明白回奏。兹据奏称、士子领卷归号。逐一挨查。惟二场余字号监生杨世淇乱号。当即照例扶出。其余均属安静等语。场中士子众多。乱号之弊。不能保其必无。该给事中既未将乱号名姓据实指参。无从究办。惟严查弊端。系该监临等专责。嗣后务当遵照定例。实心查察。遇有乱号士子。即当认真严办。不准托词以人数众多。意存姑息。将来别经发觉。或被科道纠参。惟该监临等是问。
other_riot,谕军机大臣等、据唐喀禄等奏称、辉特人众。自迁至扎克赛地方。自相抢掠。甚不安静。且本系阿逆亲属。将来不免滋事。请旨迁至呼伦贝尔、齐齐哈尔等处。设有事端。彼处密尔索伦。办理甚易等语。唐喀禄等所奏甚是。辉特人等。原非善类。自应豫行办理。但现在科布多驻兵无多。而伊等又无背叛实据。且与其迁至呼伦贝尔、齐齐哈尔等处。又不如即行剿灭。永绝根株。著传谕车布登扎布等。悉心查察。如已有可疑形迹。即将伊等剿灭。倘尚安本分。应暂为安抚。惟宜加意防范。俟将来再行办理。至唐喀禄所奏、巴勒济得木齐、恳请同色布腾、迁往察哈尔居住等语。从前军机大臣等议将巴勒济属人归入辉特部落。令在乌兰固木种地。业经准行。今巴勒济得木齐、既愿往察哈尔居住。俟其至乌里雅苏台时。即照唐喀禄所请。赏给口粮。送至察哈尔地方安插。不必仍照前旨办理。
other_riot,谕军机大臣等、据总理各国事务衙门呈递李鸿章信函。并钞录法人嘉尔芜来信。其于英人有事缅甸。言之甚详。信末则有请调回黑旗。招集东京一带散勇。分驻云南永昌等处之语。前据各路电报。越南义团四起。法人因糜饷甚钜。有欲弃北圻之议。今观嘉尔芜此信。劝我调回黑旗。招集散勇。显系进退失据。希冀藉我之力。为之纾难。此等狡谲伎俩。固不足深信。惟所言英人在大理府设立回回教堂。与缅甸印度回党。联为一气。深虑互相句结。贻患将来。著岑毓英、张凯嵩密饬该处地方文武随时密查。妥为防范。以遏乱萌。至滇省各矿。久为外人所觊觎。前经叠谕该督抚认真办理。业据张凯嵩等将筹办情形。叠次覆奏。大理矿产极富。尤应及时开采。究竟查勘矿苗。以何者为最旺。招商承办。是否确有把握。并著岑毓英、张凯嵩实力筹议。先行详细覆奏。至由大理通缅甸之路。共有几处。远近若干。有无山川险阻野夷闲隔。一并查明具奏。再本日曾纪泽电报。据称已咨英责其未与华议。遽灭缅甸为食言等语。英人若何答覆。尚未可知。惟此次与缅构衅。心实叵测。滇与缅邻。将来边防日形吃重。应如何密为布置。固我疆圉。岑毓英、张凯嵩务当互相商搉。切实豫筹。张凯嵩前奏有羁縻野人。使为我用之议。现在如何措置。均著迅速奏闻。英人虽由印度入藏。蓄志甚坚。现既吞并缅甸。恐狡焉思启之心。因而益甚。四川边防。著丁宝桢密筹熟计。先事图维。一切情形。随时确探具奏。嘉尔芜所寄李鸿章信函。均著钞给阅看。将此由六百里各密谕知之。洋务
other_riot,山西巡抚伊都立参奏、贝子允禟、护卫乌雅图等。在平定州地方、擅行殴打生员。应请按律治罪。得上□日、此事从前诺岷隐匿未奏。经朕闻知、降上□日询问。诺岷始行题参。内有太监李大成、乃允禟家下为首紧要太监。伊岂有不知此事之理。诺岷讯审时、以李大成患病、不知此事、竟为脱卸。遽行发回。诺岷、系满都护属下之人。满都护、允禟、比邻而居。伊等原属同党。似此互相瞻徇、强为掩饰。将置国典于何地耶。诺岷大负朕恩。伊都立到彼、理应详究。乃止据诺岷所审具奏。疎忽殊甚。此事仍著伊都立、将太监李大成、提往晋省。明白对质。将实情审出具奏。至于允禟、自来结纳党援。不守本分。且品行庸劣。居心妄自尊大。圣祖皇考。稍加训诫。辄云不过革去此微末贝子已耳。偶遇劳瘁。动称若如大阿哥、二阿哥、一例拘禁。我倒安逸。此等狂悖之谈、时出诸口。朕与诸阿哥所共知者。及遭皇考大事。并未见有点滴悲泪。朕御极后。允禟昂然恣肆。抗违谕上□日。狂悖之形、种种不一。朕因发往西宁居住。稍示警诫。伊又寄书允＜⿰礻我＞、语多悖乱。且纵容属下、骚扰地方。殴打民人。罔顾国纪。朕特遣都统楚宗、前往约束。及楚宗到彼宣上□日。伊并未迎接跪听。安居卧室。毫无悔惧之容。信口妄言。有出家离世等狂悖之语。且伊携带数万金、前往西宁、滥行糜费。买结人心。地方人等、俱称九王爷。伊不过一贝子耳。尚未及贝勒职分。又安得漫称王。洵属不识臣子大义。悖乱之极。允禟、著革去贝子。撤其佐领属下。并行文陕西督抚、嗣后仍有擅称允禟为九王爷者、从重治罪
other_riot,又谕。据刘峨奏、审拟钜鹿县越狱各犯一摺。已批交军机大臣。会同行在法司。覆拟速奏矣。至案内乔兴旺一犯。虽原犯罪止满杖。但该犯先经拧锁欲逃。经官责处。复敢起意越狱。纠约张金禄等、代为拧开项锁。先后出笼。挖墙逃逸。以致拟绞情实之张金禄、在逃未获实属不法已极该督拘泥原犯罪名。仅拟绞候。余犯概拟发遣。殊属轻纵。目今越狱之犯颇多。未必非水懦民狎所致。正宜猛以济宽之时。且越狱者多。则获罪者必多。亦非所以成其宽也。现在元城县监犯。被逆匪砍开监门。该犯等不肯随贼同行。因谕令刘峨查明。特降恩旨。将原拟斩绞重犯。俱从宽典。减等发落。其情罪稍轻者。概予释放。可见该犯等于获罪监禁后。果知安分畏法。无不予以矜全。若守法者得邀宽宥。而凶狡藐法者。并不寘以重典。又将何以示劝惩耶。此等越狱凶悍之徒。即为乱民。拏获后。原不应按其所犯本罪定拟。若越狱脱逃就获。又因原犯青节较轻。再予宽纵。则凶顽何所警惧。劫狱抢犯之事。由此而起。皆姑息之念酿成之。不可不防其渐也。况近来直隶、山东屡有越狱之事。尤不可不从严办理。以示惩创。再此案张金禄一犯。逃窜日久。迄今尚未就获又大名案内。与段文经等通信之王纶。业经豫省获犯郝润成、供出在大名府居住。自应实力缉拏。乃据该督奏到、查缉仍无下落。岂因为日稍久。视为海捕具文。该督所司何事。除此案已令军机大臣等、从重改拟外。刘峨、著传旨严行申饬。所有未获各犯。该督倍当遵奉节次谕旨。严饬所属。上紧查拏务获。迅速具奏。将此传谕刘峨、并宣谕各省知之。
other_riot,庚申。谕曰、朱荃在四川学政任内。匿丧赶考。贿卖生童。并勒索新生规礼。赃私累累。已据四川、湖广、浙江、各督抚等、研讯伊弟、及家人等。供据确凿。实近年来学政所未有。伊乃大学士张廷玉儿女亲家。其敢于如此狼籍婪赃。明系倚恃张廷玉为之庇护。且查朱荃为大逆吕留良严鸿逵案内之人。幸邀宽典。后复夤缘荐举。冒玷清华。本属衣冠败类。大学士张廷玉、以两朝元老。严鸿逵之案。缮写谕旨。皆出其手。岂不知其人。乃公然与为姻亲。是诚何心。设在雍正年间。伊必不敢如此。即在伊平日谨守远□礻□(□□古)□之道。亦不当出此。而漫无忌惮至于如此。其忘皇考圣恩为何如。其藐视朕躬为何如。张廷玉若尚在任。朕必将伊革去大学士。交刑部严审治罪。今既经准其回籍。著交两江总督黄廷桂、于司道大员内、派员前往。传旨询问。令其速行明白回奏。再降谕旨。张廷玉深负三朝眷注之恩。即其不得行私而欲归之一念。即已得罪天地鬼神。朕尚欲全其晚节。今乃种种败露。岂容冒叨宠赉。所有历来承受恩赐御笔书籍。及寻常赏赉物件。俱著追缴。至储麟趾参奏朱荃、交部严察议奏时。朕曾以其事问梁诗正。伊并不将朱荃之事详悉陈奏。观其词色。转若储麟趾不应参劾者。且有功令森严、无人更敢作弊之语。现在朱荃、明福、作弊至于如此。何谓无敢作弊。其意岂欲朕信臣下之无敢作弊。遂不加觉察。可以自便已私耶。及部议时。若非朕洞鉴情节。饬令大学士傅恒、详悉查办。一任梁诗正等朦混。则储麟趾可以诬参议处矣。部中定稿。彼此议论。堂司官皆所共闻。令梁诗正抚心自问。尚不足以服其心耶。梁诗正、著交部察议。朱荃平日为人。及匿丧纳贿诸罪状。与夫张廷玉以国家旧大臣。而与叛案中有名人结亲之处。汉大臣御史中、宁不知之。而张廷玉在任时。无一人参奏者。足见朋比瞻顾之习。终不悛改。储麟趾尚能据实参其匿丧一事。较之挟诈行私。及摭拾浮言者。为称职矣。储麟趾、著交部议叙。朱荃在词林中。尝考列一等。或系张廷玉阅卷。或派大臣同阅。若非张廷玉授意嘱托。则阅卷大臣揣摩迎合。且京察大典。张廷玉列朱荃于一等。朕于引见时降为二等。至保举试差人员。汪由敦力保朱荃。明系瞻徇。朕于引见册内。记其人终不妥。近曾以示汪由敦。可见营私交结伎俩。在朕前自不能掩。此等师生朋比之习。不可不严加惩创。汪由敦、著交部严察议奏。寻吏部议处具奏、得旨、梁诗正著革职从宽留任。汪由敦本应革职。但念其其人尚勤慎。学问亦优。著在兵部侍郎任内效力赎罪。刑部尚书、著刘统勋补授。工部尚书、著孙嘉淦补授。储麟趾、著纪录二次。余依议。
other_riot,又谕、刑部题驳河南息县民人叶蚂虾、纠殴叶玉章未遇、砍伤叶荒身死一案。所驳甚是。叶玛虾、与叶连双、平素结捻讹诈乡民。叶连双等、曾向叶玉章讹诈。得赃四次。叶玉章为人良懦。既经屡被讹诈。岂有复向叶蚂虾借用土坯、屡索不还之理。况该犯前往叶玉章家寻殴。叶玉章之子女侄等。均系幼孩。齐向推拥。该犯尽可用言吓唬。何遽持刀乱砍且砍伤一人亦当住手。乃竟连砍幼孩三人。多在致命处所。叶荒以伤重殒命。该犯尚不即时逃逸。又将叶玉章之妻刁氏砍伤。是该犯以结捻匪徒。讹诈不遂。逞凶故杀幼孩。情节显著。岂得任听狡展。遽依同谋共殴人致死律拟绞候。致滋轻纵。著交陆应谷、亲提犯证。按照部驳情节。逐层严讯。务得确情。按律定拟具奏。毋稍徇纵。寻奏、覆讯叶蚂虾、供词明确。遵驳更正。问拟斩监候。得旨。叶蚂虾、依拟应斩。著监候秋后处决。
other_riot,又谕、都察院代奏、四川京官曾鉴等、为川民争路。致酿重案。恳饬秉公查办。以维大局而遏乱源原呈一件。著端方按照所陈各节。查明实在情形。秉公分别核办。毋枉毋纵。据实具陈。原呈著钞给阅看。廷寄
other_riot,戊辰。辅臣鳌拜等、以原任户部尚书英武尔代、系苏纳海族人、追论其罪。称上□日、谕吏部、户部、太宗文皇帝、因英武尔代办事勤敏、擢为大臣、配以王女、授为多罗额驸。迨太宗文皇帝上宾之时、诸臣议因皇考幼冲、令郑王、睿王、辅政。及迁都京城、睿王竟不令郑王预事、任意妄行。英武尔代将库内银、自行专主、盖造宫殿、草率完工。为伊王盖造房屋、反将库银费用不赀。与之相好者、即令升官富足。其不相好者、即行处分降谪。伊身无大功、授为一等公爵。将给与镶黄旗之地、乃取给正白旗。又将镶黄旗置于右翼。种种欺上、罪过甚多。议处睿王之时、止将英武尔代革去公爵、仍留精奇尼哈番、此系叛附睿王之谭泰、石汉为之也。今将镶黄旗之地、仍令归镶黄旗、正白旗地亩所应得之处、委令拨给、苏纳海藐上□日、不行拨地、是正白旗、又出一英武尔代。此皆由于英武尔代、独专朝政、纵意而行之故。英武尔代若在、应行正法。因其已故、将官职尽行革去。从前所给蒙古、投充汉人、俱著取出。蒙古、交与该衙门分拨、投充汉人、令其为民、投充汉人地亩、著察地亩不足之旗分拨给
other_riot,又谕、吕海寰奏、遵旨查办要案。据实覆陈一摺。驻法使馆学生伊里布、轰毙参赞联涌、复自轰殒命。暨学生世敏、怀疑自戕各节既据西医验结。均系心思迷乱所致。即著毋庸置议。出使大臣庆常、事前失于觉察。事后奣＜⿰虘阝＞亦近弥缝。随员汪璋、信口多言。不知检束均有应得之咎。著交部分别议处。另片奏、联涌幼子庆颐、闻父被戕。绝食身死。请饬查旌表等语。著该旗查明办理。寻吏部议上。得旨、庆常应得革职处分。著加恩改为革职留任。汪璋应得降三级调用处分。著加恩改为降三级留任。现月
other_riot,陕甘总督左宗棠奏。遵查玛纳斯塔尔巴哈台边界各案。一、塔尔巴哈台参赞大臣英廉拏获正法之哈萨克绰兰一名。实系拜吉格特部内之人。于塔城变乱时。自投俄国。一、英廉奏请试办专收塔城货物出境税。仅收过俄国所属、安集延缠头等之税。一月有余。约银五十两后即停止。一、英廉封锁俄商吐喀拉房屋时并未夺取货物银钱。一、俄商被劫。或系私行贸易所致。断非承运金顺之粮亦非荣全部下所劫。下总理各国事务衙门议寻奏。交涉各案。仍请饬该督等、筹议办结。如所议行。摺包
other_riot,甲子。九卿等议、户部书办沈天生等、串通本部员外郎伊尔赛等、包揽湖滩河朔事例、额外多索银两。沈天生、伊尔赛、应拟绞、监候秋后处决。并此案受贿之原任刑部尚书齐世武、原任步军统领托合齐等、应分别处分。上谕大学士等曰、阅此本、齐世武、托合齐口供、并未取入。齐世武品行龌龊无耻。前曾奏云、不与人往来不取一文今于湖滩河朔事例一案受贿矣。托合齐行事悖乱又在鄂缮家行走。不时请人会饮其中亦有惧彼而往者亦有结成党羽以威吓人者今伊等现拘禁宗人府著王雅尔江阿贝子苏努公景熙大学士温达萧永藻会同刑部详审事已发觉实供则已若或巧辩尔等即行刑讯。
other_riot,又谕、电寄袁世凯、电悉。昨谕该署抚无挟非用兵不可之见。原系指高密阻路一案而言。若盐枭盗匪。到处抢劫。自应一体严拏重惩。如敢拒捕即不得不纵兵剿办。以遏乱萌事非一致。所当分别办理。不可误会。特再电谕知之。电寄盛京将军增祺奏、奉天政务需才。请将补用道朱梁济等十九员。各以本班留奉补用。允之。摺包
other_riot,又谕、朱士彦等奏、二场查出乱号之顺天生员陈元晖、未经领卷先混入场之直隶生员徐最亭、均即逐出。办理尚属认真。向来派出稽察接谈换卷。有无情弊。从未查出具奏。可见沽名钓誉。讨好士子。全不以剔厘弊端为事。本年经朕降旨、谆谆诰诫。此次稽察、即有混乱场规之生员二名。而苟且混入者。仍所难免。嗣后该士子等、务须恪遵功令。毋以身试法。求荣反辱。其派出之大臣等、总当认真办理。不可视为具文。日久生懈。
other_riot,又谕曰、车木楚克扎布、数年来效力行间。近复招服博和勒、那木扎勒等乌梁海。善为抚纳。著加恩封为郡王。原任公多岳特、自行告入叛逆乌梁海寨内。勤劳可念。著加恩赏给公品级。四等台吉帕克穆、伍良海、升授三等台吉。伍良海身故。令伊子承袭。内大臣察达克、赏缎六端。副都统赤伦、散秩大臣图布慎、各赏缎五端。赤伦之弟察罕、赏戴孔雀翎。署骁骑校索伦班图、巴尔虎扎布俱授为骁骑校。索伦领催什第、著署骁骑校。其察达克所属得木齐、收楞额、及兵丁等。著纳木扎勒、酌量赏给银缎。
other_riot,又谕、刑部具题河南灵宝县役焦登科、踢毙荆墨儿一案。朕详加披阅。荆墨儿疯病复发。赤身持棍跑入县堂。击鼓跳舞。焦登科、卫万林二人。同系直堂皂役。若不行拦阻。或被闯入署内。殴伤本官。应得守卫不严之罪。该役等向前拦阻。因被荆墨儿持棍乱殴。一同捕御。焦登科举脚向踢。适伤荆墨儿心坎右乳。伤重殒命。焦登科与荆墨儿素不认识。并非有心致死。照共殴下手伤重律、拟以绞候。似觉过重。著刑部详查律例。或量为轻减。另行核议具奏。
other_riot,谕军机大臣等、本日朱理奏尊上□日拏问查有圻解部候审一摺。据查有圻在苏供称、伊自祖父以来、办理长芦盐务、江公源系是引名、并非总商名目、伊向来在京当差、素不习谙盐务、曾经具呈告退不准、是以托夥友樊宗清、冯昶、在天津经办、现在樊宗清系接充其兄樊宗澄纲总之缺、并非托令代充、所有法马加重并盐引数目、伊均不明悉、亦未充当总商、有院司案据可查、所有法马增重一事、伊何能总揽全纲、造谋为首等语。查有圻所供各情。自系一面之词。但御史李仲昭原奏、指查有圻为通纲造谋之首。称伊令外司樊宗澄勾通吏役、紊乱权衡、形踪诡秘、证据难明等语。该御史亦祇系因查有圻家赀富厚。又曾任京官。疑其有造谋勾串之事。多系悬揣之词。亦未能指有确据。此时盐法加重一节。已经查明系书吏匠头受贿改铸。敝□大窦显然。其来京勾串之书吏靳维安、已拏获到案。即向其根究。当日系何商人贿嘱。令伊来京串通舞敝□大。一有确供。即将樊宗清、冯昶、及各商总、切实严讯。无难水落石出。如樊宗清、冯昶、当日办理此事。系听查有圻主使。或伊等起意、曾与查有圻商谋。皆令一一供吐。举出实据。若谓伊二人主谋。查有圻并不知情。亦令指出实据。总之此事虚实。不难剖辨。伊等贿嘱私铸法马之后。其加重盐斤所获利银。系如何侵分。如查有圻每岁分肥得有余赢。则其知情通谋。毫无疑义。即迅速奏闻。治以重典。伊将何所逃罪。若利银悉归樊宗清、冯昶等。而查有圻竟毫无所得。则罪有所归。亦当据实奏明。按律办理。查有圻商贾市侩。如情真罪当。国有常刑。若罪状未明。据御史一人悬揣之词。即将伊籍没。转似因伊家产富饶。故入其罪。其何以昭情法之平。此案王大臣等务当一秉至公。勿徇情面。严密追究。不可使正犯漏网。亦当详慎持平。不可胸存成见。致有屈抑。庶定案方成信谳也。将此谕令知之。
other_riot,侍卫廓步梭讦告其祖母及父图尔格叔遏必隆同叱辱遏必隆妻格格禁其往来于父及叔父家又太宗宾天时图尔格等与白旗诸王素有衅隙。传三牛录下护军备甲胄弓矢护其门尤属变乱。廓步梭不愿与叔遏必隆同居特行首告法司议遏必隆母子叱辱格格、又不引服、复设兵护门应俱论死籍没家产护军统领鳌拜巴图鲁公巩阿岱锡翰偏听图尔格言、擅拨兵丁守门。亦应俱论死。护军校吴禄喀鄂泰左袒其主应各鞭一百议上命免鳌拜巩阿岱、锡翰死遏必隆母子亦著免死仍下诸王贝勒大臣等会勘诸王贝勒大臣等以遏必隆犯罪重大仍应论死其母免死籍没鳌拜革职为民奏入得上□日鳌拜免革职遏必隆免死革职籍没其母子家产一半仍拨隶伊尔登牛录下夺其所属牛录人丁吴禄喀鄂泰各鞭一百谆步梭免讦告祖母父叔之罪仍留侍卫任其所夺牛录下人丁愿归何牛录听之
other_riot,又谕、皂保奏、吉林地方。赌风甚炽。请饬部变通旧例一摺。赌博一端。最为风俗人心之害。定例本有明禁。兹据皂保奏称近来吉林地方。无业游民。开场聚赌者。实繁有徒。奸宄托迹其闲。往往酿成抢杀之案。皆由差役图贿包庇。官司规避处分。以致赌风日炽。亟应严申禁令。以绝乱萌。嗣后东三省地方赌博案件。除官吏书役乡地邻佑。讯有受贿纵容得赃徇隐情弊。仍照例尽法惩办外。其旗民放头设局。并同场聚赌各罪名。及官员失察徇纵。或避重就轻各处分。应如何从重定拟之处。著该部分别核议具奏。
other_riot,又谕。贝勒满都护、庸鄙卑污。所以皇考圣祖仁皇帝不令承袭贝勒。而用伊弟海山。其后海山获罪禁锢。无应袭之人。不得已、方令伊承袭。屡蒙皇考圣祖仁皇帝厚恩。官至议政大臣。领侍卫内大臣。管理正白旗三旗都统事务。伊并未尽心办事。竭力供职。不但不思图报高厚之恩。反入允禩、允禟、允禵、保泰、苏努、阿灵阿、鄂伦岱之党。实为深负我皇考之人。朕虽知之甚悉。然朕即位以来。特望伊悛改。谆谆教诲。加以深恩。令伊在总理事务处、协同行走。伊毫无竭诚效力、改悔前非之意。惟欲阻挠政事。摇乱人心。阴险奸伪。无所不至。从前不孝于父。不友于兄弟。众所共知。实为党与中之巨魁。伊并不知朕之心迹。可令伊每日侍从行走。朕亦欲悉其性情也
other_riot,又谕、电寄赵尔丰玉昆等、电奏悉。邮传部奏干路收为国有。早经降旨允行。决无及汗之理。屡经宣示。乃该将军等、仍以交院议决。暂归商办为请。殊属不知朝廷维持全国路政之深意。著传旨申饬。现在附省州县。已有烧毁局所之势。定系匪徒从中煽惑。希图扰乱治安。仍著赵尔丰懔遵晶■宜次谕旨。迅速解散。切实弹压。勿任蔓延为患。傥听其藉端滋事。以致扰害良民。贻误大局。定治该署督之罪。懔之。电寄
other_riot,又谕度支部会奏、议准张鸣岐电奏、订借外国银行现款五百万两。周转市面一摺。著即照所议行。由该部电知该督遵照办理。惟此次粤省因收回路事突然倡议不用官发纸币。纷纷持票取银。显系不逞之徒。从中构煽。藉端滋扰。著张鸣岐严饬地方文武随时防范。认真弹压。或有不法行为。立予拏办。傥敢纠血■乣作乱。准如该督所请。格杀勿论。电寄
other_riot,丙午。谕内阁、前据侍郎王茂荫奏、前任安徽歙县知县刘毓敏、携带捐册。逃归山东原籍。练首潘炳照等、乘乱攫取库款。句结已故徽州府知府达秀门丁李作塘、狼狈为奸。并学政沈祖懋、信任潘炳照等、纵容练勇。冒滥纵恣。甚至抽扣茶厘。拜认门生各情。当降旨交何桂清、福济、严密查办。兹据何桂清奏称、查明徽州府捐输各款。俱有文册可稽。府库被劫之银。系书院经费、及赃罚银两。为数无多。廪生潘炳照、奉札赴库提银。委非乘乱攫取。该学政暂管茶照。并未沾染。亦无执贽拜认门生情事等语。徽州府军需防费。一切钱粮公项捐输。著该抚严饬地方官、督率绅董、核实造册报销。如查有侵渔等弊。即从严参办。前任歙县知县刘毓敏、携带捐册。逃回山东原籍。实属胆玩。著先行革职。并著山东巡抚、派员解赴安徽。交福济饬属确查。该员如有侵吞情弊。严行参办。已革廪生潘炳照、著查拏务获。归案审讯。教谕江新祖、举人徐廷鉴、浮支捐款。即著先行斥革。以示惩儆。
other_riot,以两次勘乱。藩属衔感。准提督吴兆有总兵左世柏、左克成等十员。附祀朝鲜汉城原任广东水师提督吴长庆专祠。从直隶总督李鸿章请也。摺包
